ags,46883053,9841,580,-1912,74,-105,-181
ags,46883063,9768,702,-1775,209,-63,-205
ags,46883073,9772,678,-1883,257,-93,-309
ags,46883083,9797,873,-1810,202,-63,-358
ags,46883093,9802,1073,-1814,148,-159,-339
ags,46883103,9841,1147,-1751,14,-379,-321
ags,46883113,9870,985,-1819,-28,-75,-284
ags,46883123,9748,1000,-1917,-16,169,-303
ags,46883133,9851,1088,-1854,44,-141,-272
ags,46883143,9782,1059,-1819,38,-342,-248
ags,46883153,9909,1127,-1951,26,29,-217
ags,46883163,9792,1098,-1863,-59,199,-199
ags,46883173,9704,1112,-1810,-169,-233,-187
ags,46883183,9826,956,-1849,-193,-348,-175
ags,46883193,9792,805,-1868,-150,-87,-175
ags,46883203,9855,961,-1912,-4,-69,-175
ags,46883213,9797,858,-1946,93,-45,-187
ags,46883223,9860,1054,-1902,123,-51,-181
ags,46883233,9914,981,-1932,93,-26,-199
ags,46883243,9758,1039,-1795,26,-45,-199
ags,46883253,9807,1039,-1829,8,-69,-187
ags,46883263,9855,1049,-1888,8,-63,-217
ags,46883273,9689,888,-1927,14,-69,-217
ags,46883283,9719,883,-1834,68,-81,-248
ags,46883293,9738,873,-1863,87,-75,-291
ags,46883303,9719,902,-1893,105,-93,-321
ags,46883313,9782,1010,-1883,62,-111,-327
ags,46883323,9777,1049,-1902,-10,-99,-327
ags,46883333,9772,1200,-1844,-71,-93,-303
ags,46883343,9885,1264,-1941,-126,-99,-284
ags,46883353,9831,1244,-1854,-217,-117,-230
ags,46883363,9753,1103,-1849,-297,-111,-217
ags,46883373,9772,1049,-1883,-278,-123,-242
ags,46883383,9792,976,-1907,-266,-153,-272
ags,46883393,9821,917,-1937,-248,-159,-315
ags,46883403,9787,1020,-1834,-223,-178,-352
ags,46883413,9899,1142,-1819,-272,-202,-400
ags,46883423,9855,1147,-1956,-364,-202,-394
ags,46883433,9777,1122,-1751,-370,-233,-345
ags,46883443,9812,1068,-1863,-321,-220,-352
ags,46883453,9821,1147,-1858,-254,-208,-352
ags,46883463,9826,1132,-1981,-260,-153,-315
ags,46883473,9807,1127,-1995,-290,-141,-297
ags,46883483,9802,1264,-1927,-333,-129,-278
ags,46883493,9743,1225,-1844,-345,-117,-272
ags,46883503,9758,1107,-1810,-351,-105,-266
ags,46883513,9694,995,-1937,-315,-141,-327
ags,46883523,9782,981,-1834,-223,-129,-352
ags,46883533,9704,1039,-1922,-89,-141,-370
ags,46883543,9802,1122,-1912,8,-141,-388
ags,46883553,9812,1278,-1956,44,-81,-358
ags,46883563,9865,1308,-1951,8,-69,-358
ags,46883573,9841,1337,-1912,-34,-57,-303
ags,46883583,9802,1264,-1951,-40,-45,-309
ags,46883593,9768,1176,-1785,-34,-32,-291
ags,46883603,9777,1103,-1814,26,-57,-309
ags,46883613,9743,1181,-1897,135,-69,-339
ags,46883623,9797,1147,-1932,196,-75,-352
ags,46883633,9743,1210,-1810,209,-81,-345
ags,46883643,9797,1327,-1956,257,-93,-345
ags,46883653,9719,1332,-1941,318,-57,-315
ags,46883663,9758,1317,-2029,355,-51,-284
ags,46883673,9782,1386,-1878,343,-45,-272
ags,46883683,9777,1200,-1849,379,-32,-254
ags,46883693,9802,1234,-1990,410,-38,-297
ags,46883703,9772,990,-1824,398,-57,-321
ags,46883713,9792,1015,-1863,477,-69,-376
ags,46883723,9704,1191,-1971,513,-93,-419
ags,46883733,9655,1191,-2010,513,-63,-431
ags,46883743,9807,1357,-2098,471,-63,-449
ags,46883753,9792,1396,-1976,343,-63,-419
ags,46883763,9821,1264,-1941,148,-99,-480
ags,46883773,9704,1425,-1868,-34,-141,-504
ags,46883783,9782,1147,-1839,-126,-165,-547
ags,46883793,9772,1093,-1956,-71,-190,-614
ags,46883803,9851,1288,-2068,99,-184,-626
ags,46883813,9777,1317,-2078,245,-117,-608
ags,46883823,9729,1410,-2064,245,-111,-589
ags,46883833,9724,1537,-1937,154,-87,-547
ags,46883843,9777,1274,-1941,26,-26,-522
ags,46883853,9860,1088,-2064,8,53,-571
ags,46883863,9841,1073,-2215,74,35,-595
ags,46883873,9953,775,-2308,-95,53,-730
ags,46883883,9807,1366,-2103,172,35,-638
ags,46883893,9870,1879,-2015,593,163,-461
ags,46883903,9787,2357,-1941,465,181,-242
ags,46883913,9689,2289,-1927,56,163,-42
ags,46883923,9714,1938,-1756,-193,120,99
ags,46883933,9729,1640,-1756,-297,84,166
ags,46883943,9670,1449,-1858,-297,16,178
ags,46883953,9670,1469,-1893,-351,-32,172
ags,46883963,9699,1327,-1878,-376,-51,154
ags,46883973,9641,1200,-1922,-522,-81,62
ags,46883983,9777,1098,-2054,-626,-111,13
ags,46883993,9782,1225,-1961,-730,-153,-66
ags,46884003,9797,1142,-2064,-833,-153,-102
ags,46884013,9714,1117,-1995,-742,-105,-132
ags,46884023,9699,1327,-1922,-662,-75,-193
ags,46884033,9675,1610,-1878,-595,-69,-205
ags,46884043,9694,1571,-1795,-656,-57,-199
ags,46884053,9694,1459,-1927,-675,-75,-205
ags,46884063,9719,1366,-1902,-662,-69,-217
ags,46884073,9699,1444,-2078,-644,-51,-260
ags,46884083,9724,1440,-2034,-583,-26,-260
ags,46884093,9733,1161,-2059,-571,-45,-260
ags,46884103,9763,1278,-1902,-504,-75,-309
ags,46884113,9748,1576,-1902,-522,-87,-291
ags,46884123,9787,1493,-1731,-492,-69,-242
ags,46884133,9763,1449,-1790,-327,-51,-248
ags,46884143,9714,1586,-1805,-217,-20,-230
ags,46884153,9689,1728,-1824,-114,-2,-187
ags,46884163,9646,1791,-1956,-120,16,-156
ags,46884173,9626,1728,-1819,-156,47,-126
ags,46884183,9660,1518,-2029,-205,47,-144
ags,46884193,9763,1230,-1917,-278,35,-169
ags,46884203,9865,985,-1907,-236,53,-236
ags,46884213,9855,961,-2078,-83,47,-278
ags,46884223,9821,1244,-2200,111,145,-291
ags,46884233,9650,1669,-2024,324,224,-236
ags,46884243,9655,2001,-1976,282,254,-102
ags,46884253,9606,1923,-1766,227,254,-35
ags,46884263,9680,1801,-1678,117,230,26
ags,46884273,9714,1752,-1722,14,193,68
ags,46884283,9675,1689,-1605,-108,145,68
ags,46884293,9611,1449,-1731,-101,96,56
ags,46884303,9655,1464,-1756,-89,65,13
ags,46884313,9680,1464,-1775,-10,35,-29
ags,46884323,9665,1596,-1849,8,47,-42
ags,46884333,9484,1410,-1849,20,47,-23
ags,46884343,9592,1562,-1922,184,-14,19
ags,46884353,9611,2108,-1756,398,16,135
ags,46884363,9611,1239,-2015,995,-178,544
ags,46884373,9235,2294,-1419,1538,-159,398
ags,46884383,9470,1523,-2024,2489,120,843
ags,46884393,9069,2226,-1639,3001,523,-162
ags,46884403,9177,1928,-2342,3843,584,-352
ags,46884413,9953,536,-1580,3349,266,-541
ags,46884423,10207,-20,-1829,2678,-20,-1071
ags,46884433,10207,-234,-2054,2379,-87,-1400
ags,46884443,10212,-454,-2347,2148,-105,-1669
ags,46884453,10251,443,-2737,2068,53,-1998
ags,46884463,10061,1298,-2732,1824,236,-2095
ags,46884473,9812,1986,-2772,1477,327,-2199
ags,46884483,9855,2016,-2420,916,480,-2132
ags,46884493,9787,1493,-2020,391,535,-2095
ags,46884503,9851,1825,-1834,306,541,-2022
ags,46884513,9807,2162,-1810,135,559,-1925
ags,46884523,9758,2074,-1673,-16,602,-1723
ags,46884533,9694,2221,-1580,-162,547,-1589
ags,46884543,9772,2182,-1468,-534,504,-1437
ags,46884553,9733,1913,-1600,-943,510,-1370
ags,46884563,9733,1820,-1810,-1242,486,-1315
ags,46884573,9650,1781,-1917,-1601,523,-1376
ags,46884583,9646,1796,-1922,-1766,541,-1400
ags,46884593,9841,1728,-1985,-1742,632,-1461
ags,46884603,9846,1635,-2151,-1553,803,-1547
ags,46884613,9743,1693,-2259,-1376,919,-1821
ags,46884623,9709,1557,-2176,-1272,1023,-1980
ags,46884633,9763,1562,-2015,-1193,1151,-2230
ags,46884643,9733,1640,-1824,-1217,1230,-2461
ags,46884653,9797,1786,-1810,-1358,1260,-2723
ags,46884663,9870,1659,-1775,-1736,1285,-3083
ags,46884673,9948,1449,-1683,-2089,1260,-3559
ags,46884683,10041,1020,-1595,-2528,1230,-4223
ags,46884693,10212,292,-1580,-2851,1193,-5120
ags,46884703,10510,-542,-1746,-2986,1218,-6223
ags,46884713,10837,-1128,-1956,-2601,1285,-7504
ags,46884723,10959,-1167,-2156,-1845,1291,-8650
ags,46884733,11198,-976,-2488,-839,1248,-9662
ags,46884743,11555,-298,-2620,44,925,-10345
ags,46884753,11838,590,-3108,1050,571,-10821
ags,46884763,12316,1161,-4056,2160,126,-11022
ags,46884773,12585,2968,-4134,2056,-373,-11248
ags,46884783,13151,4145,-4051,1087,-763,-11144
ags,46884793,13933,4594,-3753,-473,-897,-11102
ags,46884803,13337,3153,-3772,-1547,-1263,-11077
ags,46884813,12673,2152,-3899,-1992,-1958,-10986
ags,46884823,12351,800,-3333,-2175,-2507,-10406
ags,46884833,11799,-391,-2654,-2297,-3056,-9547
ags,46884843,11242,-1699,-1390,-2071,-3623,-8650
ags,46884853,10114,-3306,-364,-980,-4269,-7321
ags,46884863,9318,-3809,725,190,-4836,-5632
ags,46884873,9201,-2974,1725,251,-5050,-3571
ags,46884883,9548,-2056,2672,-553,-4934,-1553
ags,46884893,9216,-3428,3014,-522,-4586,489
ags,46884903,9563,-3574,3302,-132,-4050,2178
ags,46884913,9499,-2671,3619,14,-3428,3471
ags,46884923,9982,-1475,3365,300,-2714,4526
ags,46884933,10266,-1162,2857,885,-1946,5471
ags,46884943,10437,-1299,2218,1849,-1294,6349
ags,46884953,10676,-991,1734,2702,-733,7019
ags,46884963,11071,-571,1310,3123,-226,7593
ags,46884973,11301,-278,1120,3221,346,8129
ags,46884983,11438,155,891,3068,730,8452
ags,46884993,11501,990,436,2538,974,8684
ags,46885003,11804,1806,148,1507,1212,8934
ags,46885013,12199,2133,-423,416,1407,9221
ags,46885023,12175,2196,-936,-437,1602,9337
ags,46885033,12043,2309,-1443,-730,1559,9282
ags,46885043,11770,2279,-1849,-547,1486,9294
ags,46885053,11477,2123,-2064,-144,1346,9202
ags,46885063,10974,1811,-2024,416,1260,9074
ags,46885073,10466,1801,-2024,1007,1236,8916
ags,46885083,9968,2245,-2054,1434,1224,8696
ags,46885093,9372,2567,-2181,1611,1236,8434
ags,46885103,8537,3105,-2430,1477,1242,8215
ags,46885113,7688,3505,-2649,1282,1059,8001
ags,46885123,6721,4076,-3113,1245,742,7715
ags,46885133,5476,4965,-4197,1154,248,7702
ags,46885143,4064,5888,-5330,599,-422,7776
ags,46885153,2819,6474,-6712,-388,-1233,7818
ags,46885163,1179,6933,-7991,-1376,-2355,7873
ags,46885173,-257,7641,-8939,-2870,-3611,7922
ags,46885183,-2106,8451,-8899,-4858,-4794,7843
ags,46885193,-3698,8959,-8314,-6900,-6074,7776
ags,46885203,2136,9701,-4041,-9766,-5537,7965
ags,46885213,18659,28935,10177,-9620,-2306,-656
ags,46885223,30505,47148,11993,-1510,1760,-21047
ags,46885233,2932,3954,2203,10330,2730,-17553
ags,46885243,17854,3358,-4964,13068,-1361,-9711
ags,46885253,16975,15233,-12674,5446,-5867,-19181
ags,46885263,3571,-10732,2252,2709,-5355,-16028
ags,46885273,8146,-3779,2672,9428,-8379,-15815
ags,46885283,11086,12221,1944,9593,-9464,-17309
ags,46885293,9064,17475,-4031,843,-9409,-16803
ags,46885303,5769,8505,-5115,-4882,-8867,-11839
ags,46885313,9104,2655,-6800,-7089,-10135,-11236
ags,46885323,8659,2113,-4241,-8327,-8824,-12230
ags,46885333,7829,4408,-4564,-3821,-9080,-11016
ags,46885343,8073,7455,-4129,-1449,-8098,-10699
ags,46885353,8195,5395,-5428,-1144,-7598,-9644
ags,46885363,8083,5409,-6575,-1669,-7013,-9162
ags,46885373,7644,6132,-5579,-1986,-6708,-8242
ags,46885383,8132,8813,-6043,-3815,-6348,-6852
ags,46885393,8259,8651,-6321,-6693,-6233,-5449
ags,46885403,9704,5663,-5062,-7565,-5781,-4705
ags,46885413,9631,4901,-4876,-5931,-4495,-4455
ags,46885423,9216,6542,-7488,-4876,-2842,-3943
ags,46885433,9357,8266,-7859,-5260,-1586,-2876
ags,46885443,11208,9252,-7606,-6162,-208,-1589
ags,46885453,13044,8739,-7337,-6431,1065,-736
ags,46885463,15730,9765,-7205,-6967,1913,300
ags,46885473,20090,8432,-6468,-8906,2230,1068
ags,46885483,22360,6757,-5511,-10315,1858,1184
ags,46885493,23073,3847,-4783,-11833,1291,580
ags,46885503,22053,1054,-2757,-13486,266,111
ags,46885513,19821,-332,-1639,-14723,-623,-516
ags,46885523,16843,-1489,-1160,-15162,-1080,-1315
ags,46885533,14411,-3193,-1199,-15053,-1257,-1949
ags,46885543,13073,-4434,-1502,-13797,-751,-2693
ags,46885553,12756,-5366,-2259,-11394,321,-3620
ags,46885563,12609,-4585,-3587,-7937,1468,-5480
ags,46885573,12443,-5308,-4290,-4004,2760,-7730
ags,46885583,12009,-6304,-4329,568,4010,-10723
ags,46885593,11032,-7456,-5330,5849,4766,-14760
ags,46885603,10212,-6435,-5701,10459,4614,-20156
ags,46885613,11706,-4844,-5340,13715,3669,-24906
ags,46885623,12692,-3823,-5755,15459,1108,-28662
ags,46885633,16574,-4526,-4607,14684,-1159,-30364
ags,46885643,18576,-5303,-3314,12654,-2781,-31327
ags,46885653,18088,-7114,-1629,10330,-4470,-31614
ags,46885663,18454,-12041,1661,6154,-5111,-30272
ags,46885673,16999,-8716,1583,2373,-5836,-28632
ags,46885683,21081,-1289,-1497,2379,-6361,-25833
ags,46885693,23044,-3325,-3211,2532,-4037,-21638
ags,46885703,21730,-8379,-3040,1983,-1269,-17541
ags,46885713,20002,-8125,-4007,2916,41,-15748
ags,46885723,18518,-4707,-4588,4532,358,-14193
ags,46885733,17224,-347,-5818,5184,632,-11065
ags,46885743,15681,3905,-7034,3276,1687,-6943
ags,46885753,14685,5482,-6595,-376,4126,-2016
ags,46885763,13298,4882,-5643,-3120,6523,2513
ags,46885773,10827,4389,-5423,-3784,8138,6983
ags,46885783,8498,4320,-5135,-3101,9620,11891
ags,46885793,7316,4882,-5804,-2004,11016,16977
ags,46885803,6564,5722,-6297,-1022,12059,21721
ags,46885813,5881,6518,-6531,135,12785,25916
ags,46885823,6311,6820,-5994,1788,13590,29641
ags,46885833,6960,6591,-5662,3959,14230,32526
ags,46885843,7390,5399,-5013,6562,14882,35099
ags,46885853,8239,4428,-5052,9721,15163,37007
ags,46885863,8742,3778,-4993,12861,15352,38294
ags,46885873,9318,3109,-5037,16184,15614,39129
ags,46885883,9909,3109,-5296,19117,15766,39635
ags,46885893,10568,3603,-5696,21020,15962,40300
ags,46885903,11013,4638,-6185,21288,16035,41172
ags,46885913,11242,5683,-6653,19696,15998,41898
ags,46885923,11813,7040,-7049,17550,15754,42404
ags,46885933,13337,9794,-8167,15550,15907,42721
ags,46885943,14206,14594,-10984,12471,16248,42818
ags,46885953,12976,18998,-13597,6379,16138,41837
ags,46885963,9519,21698,-14559,-266,13827,39702
ags,46885973,8791,23378,-14256,-6388,9760,36818
ags,46885983,8723,22694,-13397,-10553,6443,32574
ags,46885993,6999,20517,-14046,-10650,4047,27410
ags,46886003,4396,19428,-13899,-6986,1815,19532
ags,46886013,1950,24223,-12098,-4284,-428,10885
ags,46886023,41,27646,-10335,-4101,-2306,3166
ags,46886033,-734,29355,-9715,-6199,-3519,-1961
ags,46886043,-188,29530,-8567,-9431,-3470,-5486
ags,46886053,-2346,27099,-6858,-11925,-4294,-8943
ags,46886063,-2536,14584,-8523,-11778,-6196,-10272
ags,46886073,8322,18070,-17757,-9803,-8672,-13230
ags,46886083,63874,8378,1227,-16589,-1367,-18803
ags,46886093,49426,-3701,16959,-18108,-5592,-32358
ags,46886103,9934,18183,-1468,-2565,-16531,-43431
ags,46886113,-7604,16244,-16839,1648,-15976,-37065
ags,46886123,-7189,24691,-19598,-8443,-19165,-29687
ags,46886133,8244,21342,-5477,-5156,-17281,-28095
ags,46886143,7893,9989,-4803,-2803,-15165,-24473
ags,46886153,14733,15102,-8733,-6162,-12312,-23516
ags,46886163,7287,4237,-4026,-5132,-11867,-20577
ags,46886173,12043,7133,-6814,-1797,-10159,-19541
ags,46886183,9504,11982,-9935,-4199,-7434,-17925
ags,46886193,8181,7982,-8226,-7473,-6885,-15352
ags,46886203,8732,6869,-6981,-7327,-5281,-13992
ags,46886213,8855,8373,-5672,-4967,-3281,-12717
ags,46886223,9592,10395,-6258,-4937,-2141,-10620
ags,46886233,11950,9130,-6253,-5388,-1074,-8693
ags,46886243,15012,9818,-8646,-6760,-611,-7181
ags,46886253,17092,7533,-5564,-7333,53,-6778
ags,46886263,20158,9345,-5706,-7266,742,-7022
ags,46886273,22106,7074,-5276,-8480,632,-6882
ags,46886283,21032,3363,-4544,-9114,821,-7358
ags,46886293,20002,912,-2957,-9425,760,-7095
ags,46886303,18576,-600,-1834,-9797,651,-7211
ags,46886313,17565,-752,-511,-10205,773,-7608
ags,46886323,15837,-1592,31,-10614,1084,-8175
ags,46886333,15256,-1963,-276,-10144,1632,-9071
ags,46886343,15539,-2280,-2024,-8394,2120,-10626
ags,46886353,16022,-3374,-3641,-5528,2218,-12626
ags,46886363,15734,-4824,-4725,-2839,2230,-14608
ags,46886373,16169,-5962,-5755,-162,2193,-16754
ags,46886383,14802,-4780,-7527,2538,1577,-19821
ags,46886393,15393,-2812,-6873,4696,1468,-24425
ags,46886403,17131,-2705,-8753,7538,724,-27284
ags,46886413,19797,-3516,-9681,9501,-1397,-29455
ags,46886423,23308,-4922,-7664,8946,-2745,-30614
ags,46886433,23273,-9380,-5364,4123,-3513,-30967
ags,46886443,19802,-13540,-1443,-1937,-4696,-29955
ags,46886453,18957,-10557,-1595,-6144,-8251,-28412
ags,46886463,19973,-13105,-2347,-10077,-8489,-23815
ags,46886473,19587,-18071,-1185,-13669,-7159,-18772
ags,46886483,20495,-14907,-662,-15809,-6300,-15095
ags,46886493,19802,-14619,-3416,-12473,-5617,-11730
ags,46886503,24382,-12485,-6981,-5461,-3873,-5742
ags,46886513,27570,-7681,-9202,1123,-623,215
ags,46886523,27878,-4487,-9681,4635,2846,4300
ags,46886533,22326,-2554,-6922,7684,6998,10019
ags,46886543,18254,2118,-3538,5629,10712,18678
ags,46886553,15563,3202,-3274,3593,14090,28050
ags,46886563,15163,3319,-4695,3251,17114,37026
ags,46886573,15598,3861,-5945,4891,19687,44337
ags,46886583,15627,16000,-7601,9062,20687,48769
ags,46886593,16960,33666,-27186,19666,18401,47910
ags,46886603,17688,31068,-13304,14660,19895,50946
ags,46886613,19968,5556,-10208,13337,22870,60434
ags,46886623,29426,-8774,-2454,19428,26230,64641
ags,46886633,30778,409,-9817,27416,23364,65233
ags,46886643,35500,-1211,-8538,29532,24907,70080
ags,46886653,38230,4433,-8914,16989,26273,75013
ags,46886663,40461,12709,-5022,2568,27699,83355
ags,46886673,23855,133192,-40438,2812,16443,67202
ags,46886683,53210,100746,-28099,-17364,18699,51678
ags,46886693,18200,21400,-994,-36681,22955,73190
ags,46886703,378,4340,-7073,-35540,17175,73471
ags,46886713,27136,10009,-20691,-8114,5962,66355
ags,46886723,52609,3329,-13318,22507,9212,54739
ags,46886733,22526,25609,-24178,32599,4236,44166
ags,46886743,31193,27797,-11058,32135,1236,33245
ags,46886753,20705,25702,-6336,33123,-3153,20733
ags,46886763,11403,49066,-7239,19080,-141,8654
ags,46886773,9943,26698,-6966,1349,602,2702
ags,46886783,7312,12099,-9896,-8028,-2031,-2022
ags,46886793,11774,2895,-6526,-6162,-3605,-4266
ags,46886803,7644,-1953,891,1404,-873,-3833
ags,46886813,3391,-996,4767,9050,809,-3004
ags,46886823,5202,951,2364,15379,1297,-1376
ags,46886833,7077,3451,959,16434,1315,-60
ags,46886843,6628,4486,1076,14800,834,1068
ags,46886853,7897,2333,1964,13989,407,1263
ags,46886863,7990,380,1261,14995,212,715
ags,46886873,7922,53,490,16013,297,263
ags,46886883,7287,-288,-179,16556,102,-473
ags,46886893,6355,243,-779,16459,-391,-1791
ags,46886903,5441,1723,-1155,15452,-940,-3333
ags,46886913,5280,2763,-1292,14276,-1318,-4870
ags,46886923,5212,3485,-1688,13239,-1702,-6004
ags,46886933,4919,3871,-1731,10934,-2287,-6608
ags,46886943,5402,3451,-1399,7843,-2976,-6723
ags,46886953,6647,1913,-457,4770,-3434,-6278
ags,46886963,7180,487,910,2068,-3781,-5486
ags,46886973,7663,-166,1881,-400,-4092,-4455
ags,46886983,8503,-1055,2506,-2388,-4275,-3528
ags,46886993,8625,-1963,2804,-4071,-4440,-2986
ags,46887003,8288,-3110,3087,-4955,-4464,-2919
ags,46887013,7800,-4028,3082,-4998,-4495,-3278
ags,46887023,7849,-4531,3111,-4845,-4391,-3595
ags,46887033,8264,-4912,3102,-4650,-4117,-3821
ags,46887043,8757,-5483,3277,-4504,-3714,-3888
ags,46887053,8605,-5576,3292,-4364,-3397,-3870
ags,46887063,8552,-5332,3414,-4480,-3208,-3528
ags,46887073,8898,-4556,3385,-4608,-3019,-3071
ags,46887083,8967,-4609,3341,-4394,-2696,-2638
ags,46887093,8586,-4790,2784,-3522,-2391,-2626
ags,46887103,8381,-4829,2330,-2333,-2147,-2772
ags,46887113,8972,-4692,1935,-1290,-2098,-2980
ags,46887123,9357,-4980,1651,-626,-1995,-3199
ags,46887133,9094,-5264,1710,-510,-1940,-3327
ags,46887143,8923,-5176,1808,-687,-1903,-3443
ags,46887153,8957,-5034,1866,-1272,-1836,-3382
ags,46887163,8747,-4770,1534,-2236,-1824,-3169
ags,46887173,8742,-4565,1480,-3632,-1879,-2839
ags,46887183,8952,-4419,1061,-5223,-1873,-2571
ags,46887193,9367,-4849,778,-6242,-1848,-2327
ags,46887203,9860,-5576,407,-6571,-1830,-2315
ags,46887213,9616,-6797,104,-6120,-1830,-2376
ags,46887223,9357,-7202,51,-5040,-1934,-2370
ags,46887233,9323,-6914,378,-4040,-2007,-2102
ags,46887243,9226,-6035,705,-3736,-2117,-1687
ags,46887253,9406,-5381,1266,-3973,-2050,-1352
ags,46887263,9558,-5371,1715,-4199,-1861,-1242
ags,46887273,9470,-5600,1803,-3870,-1562,-1400
ags,46887283,9631,-6079,1500,-2656,-1153,-1644
ags,46887293,9494,-6309,910,-1187,-958,-2114
ags,46887303,8947,-6089,563,-83,-909,-2461
ags,46887313,9021,-5600,178,459,-1068,-2662
ags,46887323,9079,-5542,178,660,-1086,-2723
ags,46887333,8942,-5234,251,349,-1141,-2583
ags,46887343,9069,-4922,378,-431,-1159,-2284
ags,46887353,9221,-4746,554,-1559,-1233,-1992
ags,46887363,9157,-4800,842,-2851,-1220,-1778
ags,46887373,9123,-5308,578,-3522,-1287,-1644
ags,46887383,9138,-5791,417,-3644,-1324,-1534
ags,46887393,9001,-5781,461,-3467,-1397,-1498
ags,46887403,9138,-5893,510,-3205,-1446,-1516
ags,46887413,9157,-5913,456,-2912,-1428,-1486
ags,46887423,9201,-5727,661,-2577,-1281,-1480
ags,46887433,9182,-5693,798,-2242,-1068,-1461
ags,46887443,9206,-5684,944,-1900,-867,-1394
ags,46887453,9143,-5752,876,-1486,-702,-1297
ags,46887463,9089,-5815,539,-1077,-592,-1236
ags,46887473,9123,-5713,505,-821,-592,-1120
ags,46887483,9138,-5434,290,-705,-678,-1010
ags,46887493,9147,-5508,173,-760,-726,-925
ags,46887503,9025,-5278,139,-790,-794,-894
ags,46887513,9094,-5205,-32,-833,-830,-784
ags,46887523,8869,-5049,-96,-919,-891,-705
ags,46887533,8869,-4883,21,-1108,-976,-669
ags,46887543,8732,-5166,51,-1053,-983,-754
ags,46887553,8591,-5156,412,-973,-1056,-803
ags,46887563,8518,-4980,695,-973,-1007,-778
ags,46887573,8889,-4917,812,-1120,-983,-644
ags,46887583,9040,-4961,1086,-1351,-861,-516
ags,46887593,8977,-5122,842,-1370,-763,-400
ags,46887603,8928,-5156,861,-1181,-617,-278
ags,46887613,8923,-5102,661,-723,-483,-236
ags,46887623,8972,-5005,436,-114,-330,-315
ags,46887633,8879,-4956,36,556,-220,-455
ags,46887643,8962,-4717,163,879,-202,-547
ags,46887653,8942,-4526,61,861,-245,-675
ags,46887663,8908,-4531,280,495,-324,-693
ags,46887673,8938,-4551,202,-132,-403,-662
ags,46887683,8962,-4697,187,-760,-501,-528
ags,46887693,8942,-4678,144,-1370,-611,-297
ags,46887703,8986,-4692,246,-1833,-647,-72
ags,46887713,8815,-4761,124,-1912,-672,56
ags,46887723,9001,-4673,114,-1815,-665,160
ags,46887733,9147,-4692,144,-1650,-659,160
ags,46887743,9133,-4766,129,-1382,-592,93
ags,46887753,9265,-4829,310,-1077,-525,-66
ags,46887763,9313,-4951,436,-742,-385,-175
ags,46887773,9143,-4863,544,-510,-330,-254
ags,46887783,9143,-4809,490,-406,-306,-266
ags,46887793,9152,-4653,334,-467,-330,-156
ags,46887803,8996,-4722,383,-559,-361,-29
ags,46887813,9108,-4590,329,-626,-361,87
ags,46887823,9001,-4619,407,-540,-275,117
ags,46887833,8952,-4805,329,-351,-147,44
ags,46887843,8879,-4868,305,-28,-87,-108
ags,46887853,8986,-4951,378,270,10,-284
ags,46887863,8889,-4809,378,495,16,-400
ags,46887873,8825,-4692,373,507,59,-412
ags,46887883,8933,-4595,324,324,90,-315
ags,46887893,8845,-4604,353,20,120,-144
ags,46887903,9001,-4595,246,-315,151,93
ags,46887913,9055,-4570,129,-632,157,282
ags,46887923,8967,-4570,-237,-888,169,440
ags,46887933,9016,-4546,-438,-1010,120,452
ags,46887943,9011,-4546,-521,-1010,23,458
ags,46887953,9006,-4580,-418,-1089,-57,465
ags,46887963,9030,-4624,-140,-1187,-81,526
ags,46887973,9021,-4600,-32,-1388,-51,599
ags,46887983,9079,-4575,124,-1571,-20,660
ags,46887993,9060,-4658,104,-1565,16,690
ags,46888003,8908,-4873,-3,-1327,59,641
ags,46888013,9074,-4907,-384,-961,71,562
ags,46888023,8923,-4829,-599,-553,-2,404
ags,46888033,8825,-4590,-643,-480,-93,282
ags,46888043,8884,-4253,-481,-760,-153,257
ags,46888053,8693,-3935,-130,-1510,-269,312
ags,46888063,8757,-3779,17,-2626,-336,465
ags,46888073,8894,-4189,241,-3559,-312,715
ags,46888083,8879,-4775,261,-3827,-129,946
ags,46888093,8918,-4966,104,-3583,-14,1105
ags,46888103,8869,-4819,36,-3040,120,1172
ags,46888113,8908,-4702,-237,-2364,218,1166
ags,46888123,8645,-4526,-223,-1790,285,958
ags,46888133,8601,-4375,-208,-1321,321,654
ags,46888143,8679,-4048,-130,-1230,303,391
ags,46888153,8527,-4058,-169,-1516,327,190
ags,46888163,8537,-4189,-203,-1937,376,99
ags,46888173,8649,-4224,-359,-2242,376,111
ags,46888183,8474,-4355,-491,-2309,449,166
ags,46888193,8537,-4326,-638,-2217,480,190
ags,46888203,8503,-4316,-721,-1937,504,166
ags,46888213,8513,-4546,-853,-1571,462,80
ags,46888223,8396,-4556,-857,-1205,382,-66
ags,46888233,8469,-4424,-853,-1065,321,-193
ags,46888243,8566,-4458,-589,-1108,260,-309
ags,46888253,8591,-4546,-667,-1193,273,-339
ags,46888263,8483,-4653,-521,-1230,285,-327
ags,46888273,8396,-4673,-721,-1211,230,-242
ags,46888283,8449,-4521,-857,-1089,181,-193
ags,46888293,8547,-4551,-984,-894,132,-193
ags,46888303,8596,-4414,-1092,-687,53,-297
ags,46888313,8625,-4267,-1014,-681,-32,-394
ags,46888323,8591,-4155,-906,-1047,-111,-437
ags,46888333,8801,-4228,-818,-1620,-165,-406
ags,46888343,8864,-4526,-623,-2138,-147,-327
ags,46888353,8855,-4971,-726,-2284,-165,-236
ags,46888363,8796,-5083,-731,-2120,-141,-236
ags,46888373,8859,-5034,-740,-1699,-178,-260
ags,46888383,8981,-5029,-809,-1248,-178,-327
ags,46888393,9050,-5078,-770,-906,-190,-358
ags,46888403,8879,-4995,-672,-760,-214,-425
ags,46888413,9113,-4839,-418,-919,-214,-449
ags,46888423,9157,-4975,-369,-1101,-196,-480
ags,46888433,9011,-5225,-408,-1120,-93,-473
ags,46888443,8928,-5469,-413,-937,-75,-425
ags,46888453,8962,-5454,-569,-553,-51,-370
ags,46888463,8884,-5381,-765,-169,-26,-297
ags,46888473,8806,-5029,-740,-10,-32,-291
ags,46888483,8825,-4697,-833,111,-45,-278
ags,46888493,8742,-4736,-740,-4,-32,-284
ags,46888503,8708,-4917,-828,-260,-75,-272
ags,46888513,8898,-5083,-618,-571,-69,-187
ags,46888523,8903,-5029,-584,-919,-45,-78
ags,46888533,8869,-4951,-731,-1156,-20,50
ags,46888543,8845,-5010,-774,-1333,-14,129
ags,46888553,8732,-4892,-848,-1266,-38,239
ags,46888563,8708,-4883,-882,-1126,-57,282
ags,46888573,8664,-4868,-901,-919,-75,318
ags,46888583,8615,-4873,-838,-784,-93,263
ags,46888593,8664,-4668,-809,-699,-93,196
ags,46888603,8806,-4560,-877,-687,-75,141
ags,46888613,8835,-4517,-848,-815,-123,7
ags,46888623,8581,-4585,-940,-973,-172,-72
ags,46888633,8508,-4746,-711,-1077,-214,-144
ags,46888643,8322,-4761,-623,-1065,-220,-193
ags,46888653,8215,-4678,-564,-931,-196,-199
ags,46888663,8273,-4385,-555,-803,-184,-266
ags,46888673,8352,-4097,-652,-827,-159,-297
ags,46888683,8542,-4033,-672,-1016,-190,-327
ags,46888693,8562,-4043,-623,-1193,-147,-394
ags,46888703,8752,-4438,-647,-1217,-51,-516
ags,46888713,8566,-4761,-687,-973,4,-723
ags,46888723,8649,-4780,-643,-662,59,-882
ags,46888733,8674,-4639,-657,-339,108,-998
ags,46888743,8591,-4526,-662,-114,132,-1089
ags,46888753,8728,-4487,-784,93,181,-1169
ags,46888763,8698,-4419,-887,221,181,-1193
ags,46888773,8615,-4267,-1077,288,163,-1205
ags,46888783,8757,-4165,-1185,172,120,-1193
ags,46888793,8825,-4204,-1229,20,77,-1199
ags,46888803,8728,-4321,-1185,-65,29,-1260
ags,46888813,8601,-4438,-1302,-120,-26,-1321
ags,46888823,8596,-4355,-1390,-59,-57,-1339
ags,46888833,8708,-4326,-1414,-22,-99,-1370
ags,46888843,8718,-4199,-1551,-114,-159,-1333
ags,46888853,8791,-4170,-1424,-211,-220,-1260
ags,46888863,8757,-4170,-1341,-345,-306,-1254
ags,46888873,8635,-4165,-1170,-419,-409,-1217
ags,46888883,8723,-4087,-1229,-455,-440,-1150
ags,46888893,8596,-4014,-1214,-443,-440,-1114
ags,46888903,8645,-4141,-1282,-443,-464,-1102
ags,46888913,8752,-4277,-1341,-278,-470,-1132
ags,46888923,8737,-4394,-1356,-10,-476,-1156
ags,46888933,8718,-4155,-1365,227,-525,-1150
ags,46888943,8747,-3833,-1238,306,-489,-1120
ags,46888953,8635,-3711,-1209,337,-568,-1138
ags,46888963,8513,-3657,-1180,288,-598,-1248
ags,46888973,8488,-3667,-1170,337,-665,-1400
ags,46888983,8537,-3677,-1077,410,-684,-1589
ags,46888993,8610,-3852,-1048,526,-696,-1766
ags,46889003,8649,-3911,-970,672,-665,-1894
ags,46889013,8791,-3706,-1043,806,-623,-2004
ags,46889023,8825,-3603,-1111,885,-641,-2077
ags,46889033,8840,-3408,-916,843,-672,-2095
ags,46889043,8840,-3379,-931,867,-690,-2187
ags,46889053,8947,-3638,-887,922,-696,-2278
ags,46889063,8894,-3813,-814,1111,-684,-2473
ags,46889073,8967,-3852,-887,1428,-665,-2681
ags,46889083,8903,-3750,-975,1648,-678,-2931
ags,46889093,8942,-3603,-945,1733,-659,-3016
ags,46889103,9006,-3711,-911,1611,-702,-2980
ags,46889113,8918,-3667,-955,1343,-781,-2778
ags,46889123,9084,-3550,-726,940,-733,-2534
ags,46889133,9221,-3525,-643,745,-720,-2412
ags,46889143,9396,-3696,-628,727,-684,-2510
ags,46889153,9191,-3935,-516,1093,-617,-2662
ags,46889163,9201,-3945,-652,1562,-592,-2870
ags,46889173,9387,-3672,-428,1684,-611,-2949
ags,46889183,9372,-3467,-418,1416,-702,-2937
ags,46889193,9196,-3227,-340,757,-733,-2754
ags,46889203,9245,-3022,-423,-34,-745,-2516
ags,46889213,9143,-3144,-408,-717,-751,-2297
ags,46889223,9001,-3032,-750,-1095,-757,-2315
ags,46889233,9250,-2891,-887,-1193,-739,-2345
ags,46889243,9553,-2851,-828,-1059,-757,-2388
ags,46889253,9523,-2993,-774,-772,-684,-2449
ags,46889263,9475,-3052,-657,-492,-574,-2492
ags,46889273,9460,-2959,-394,-309,-409,-2516
ags,46889283,9279,-2866,-286,-199,-306,-2522
ags,46889293,9152,-2725,-481,-187,-196,-2577
ags,46889303,9055,-2559,-774,-175,-172,-2583
ags,46889313,8938,-2270,-994,-254,-263,-2632
ags,46889333,8376,-1377,-1595,-358,-635,-2973
ags,46889343,8356,-674,-1800,-577,-842,-3187
ags,46889353,8264,-278,-1790,-1114,-1025,-3345
ags,46889363,8068,-83,-1614,-1644,-1178,-3620
