ags,46456737,9899,482,-1224,93,175,-162
ags,46456747,9855,463,-1263,62,175,-132
ags,46456757,9890,512,-1199,20,187,-108
ags,46456767,9953,517,-1229,-10,193,-108
ags,46456777,9992,443,-1189,8,218,-138
ags,46456787,9914,531,-1150,-22,-45,-102
ags,46456797,9880,546,-1136,-53,102,-108
ags,46456807,9826,531,-1141,-108,419,-90
ags,46456817,9899,492,-1155,-83,218,-84
ags,46456827,9909,536,-1136,-83,-75,-60
ags,46456837,9904,556,-1097,-47,151,-42
ags,46456847,9885,668,-1121,-47,346,-11
ags,46456857,9865,697,-1111,-120,29,62
ags,46456867,9831,609,-1141,-199,-141,68
ags,46456877,9826,502,-1141,-223,71,141
ags,46456887,9816,399,-1224,-187,77,129
ags,46456897,9924,312,-1106,-120,90,105
ags,46456907,9924,395,-1097,-53,65,62
ags,46456917,9929,380,-1194,-59,59,50
ags,46456927,9948,375,-1204,-47,90,-17
ags,46456937,9978,385,-1268,-71,77,-42
ags,46456947,9968,429,-1272,-65,84,-48
ags,46456957,9943,385,-1185,-53,102,-78
ags,46456967,9953,419,-1272,-101,108,-108
ags,46456977,9934,365,-1180,-95,114,-102
ags,46456987,9890,414,-1146,-95,102,-126
ags,46456997,9885,395,-1170,-83,102,-138
ags,46457007,9846,448,-1102,-108,114,-156
ags,46457017,9968,482,-1214,-114,108,-169
ags,46457027,9899,482,-1180,-114,90,-162
ags,46457037,9899,424,-1146,-28,71,-144
ags,46457047,9909,556,-1102,-34,59,-132
ags,46457057,9934,507,-1126,-40,23,-108
ags,46457067,9909,507,-1131,-47,-8,-108
ags,46457077,9880,561,-1053,-4,-14,-78
ags,46457087,9909,536,-1082,-4,-8,-66
ags,46457097,9943,556,-1072,14,-32,-60
ags,46457107,9895,507,-1097,-22,-38,-35
ags,46457117,9865,424,-1194,-47,-32,-42
ags,46457127,9997,546,-1048,-4,-51,-48
ags,46457137,9899,463,-1092,-10,-38,-66
ags,46457147,9890,478,-1155,-28,-57,-35
ags,46457157,9870,522,-1175,-59,-38,-29
ags,46457167,9812,541,-1111,-53,-38,-29
ags,46457177,9948,443,-1268,-59,-45,-11
ags,46457187,9943,404,-1214,-34,-26,-54
ags,46457197,9870,399,-1253,-53,-26,-102
ags,46457207,9948,360,-1302,-47,-2,-114
ags,46457217,9978,507,-1043,2,10,-150
ags,46457227,9880,487,-1219,-10,-14,-150
ags,46457237,9904,517,-1165,-34,-8,-156
ags,46457247,9968,570,-1185,-40,-2,-144
ags,46457257,9997,570,-1219,-4,16,-132
ags,46457267,9875,634,-1121,-71,10,-114
ags,46457277,9792,570,-1189,-132,4,-84
ags,46457287,9777,546,-1199,-132,29,-54
ags,46457297,9841,473,-1077,-101,16,-66
ags,46457307,9865,458,-1106,-89,4,-90
ags,46457317,9885,575,-1165,-34,29,-78
ags,46457327,9958,473,-1214,-59,23,-96
ags,46457337,9909,448,-1209,-22,10,-120
ags,46457347,9934,463,-1263,-22,23,-114
ags,46457357,9899,458,-1224,-40,23,-126
ags,46457367,9826,551,-1175,-34,29,-150
ags,46457377,9919,478,-1131,-28,59,-156
ags,46457387,9914,429,-1102,8,59,-175
ags,46457397,9943,414,-1116,99,47,-193
ags,46457407,9982,546,-1082,74,59,-193
ags,46457417,9992,595,-1102,50,53,-211
ags,46457427,9851,590,-1097,-10,47,-205
ags,46457437,9924,522,-1160,-22,59,-223
ags,46457447,9865,497,-1097,-4,59,-211
ags,46457457,9948,502,-1136,8,77,-217
ags,46457467,9929,531,-1106,32,96,-242
ags,46457477,9958,507,-1077,32,108,-260
ags,46457487,9914,556,-1102,62,96,-278
ags,46457497,9880,546,-1121,56,71,-309
ags,46457507,9831,429,-1175,32,120,-315
ags,46457517,9904,482,-1097,80,132,-358
ags,46457527,9899,507,-1146,80,151,-388
ags,46457537,9846,546,-1077,87,187,-431
ags,46457547,9909,526,-1053,20,230,-455
ags,46457557,9865,512,-1092,-34,273,-528
ags,46457567,9978,487,-1146,-89,321,-614
ags,46457577,9943,312,-1146,-126,370,-760
ags,46457587,9943,72,-1292,-34,425,-919
ags,46457597,10095,190,-1175,93,468,-1120
ags,46457607,10041,277,-1165,99,529,-1327
ags,46457617,9855,238,-1331,123,620,-1534
ags,46457627,9934,224,-1219,160,675,-1766
ags,46457637,9929,170,-1131,202,742,-1955
ags,46457647,9953,292,-1146,257,821,-2156
ags,46457657,10017,312,-1321,398,876,-2388
ags,46457667,10046,243,-1214,587,962,-2626
ags,46457677,10114,385,-1331,690,1065,-2839
ags,46457687,9880,-225,-1023,928,1175,-2998
ags,46457697,9553,356,-1131,1721,1242,-3089
ags,46457707,9509,981,-1321,2294,1224,-3028
ags,46457717,9245,1068,-994,2763,1175,-2821
ags,46457727,9240,2167,-823,3355,1059,-2717
ags,46457737,9650,2538,7,2898,797,-2254
ags,46457747,9777,2445,246,2300,608,-1839
ags,46457757,9572,2387,-47,2080,297,-1492
ags,46457767,9729,2011,-76,1916,47,-1169
ags,46457777,9685,1923,-37,1751,-153,-967
ags,46457787,9480,2235,-149,1391,-336,-766
ags,46457797,9475,2533,-193,446,-476,-565
ags,46457807,9680,2001,-345,-504,-544,-425
ags,46457817,9602,1171,-711,-723,-580,-425
ags,46457827,9685,1015,-1097,-406,-507,-461
ags,46457837,9738,1132,-1185,14,-446,-486
ags,46457847,9816,1357,-1331,373,-379,-461
ags,46457857,9880,1469,-1351,544,-287,-455
ags,46457867,10114,1410,-1346,733,-111,-449
ags,46457877,10407,1449,-1790,824,29,-419
ags,46457887,10427,1855,-1985,666,218,-339
ags,46457897,10324,1923,-1844,379,486,-230
ags,46457907,10168,1947,-1751,-181,693,-108
ags,46457917,10383,1801,-1727,-870,980,-48
ags,46457927,10124,1239,-1878,-1114,1248,-35
ags,46457937,10148,971,-1619,-1101,1547,-144
ags,46457947,10114,907,-1849,-961,1785,-352
ags,46457957,10119,732,-1624,-1034,2120,-522
ags,46457967,10026,487,-1839,-766,2516,-791
ags,46457977,10100,531,-1775,-425,2766,-1108
ags,46457987,10114,1195,-1551,-388,3175,-1419
ags,46457997,9846,1034,-1585,-632,3553,-1644
ags,46458007,10202,658,-1790,-1022,3876,-1955
ags,46458017,10451,619,-1605,-1132,4205,-2443
ags,46458027,10627,502,-1795,-1315,4638,-2864
ags,46458037,10373,312,-1946,-1827,5138,-3437
ags,46458047,10402,-532,-2444,-1723,5864,-4223
ags,46458057,10646,-1977,-3211,-1882,6791,-5449
ags,46458067,11047,-1977,-3147,-553,7748,-6480
ags,46458077,11564,-1626,-3426,1032,8919,-7504
ags,46458087,11672,-1435,-3704,2660,10169,-8467
ags,46458097,11662,-810,-4139,3593,11443,-9284
ags,46458107,12673,-293,-3597,3770,12766,-9662
ags,46458117,14494,-801,-438,3891,14474,-10242
ags,46458127,16076,170,-218,5928,15584,-10742
ags,46458137,17624,-244,-81,6587,16907,-11376
ags,46458147,20905,531,-1175,7013,18035,-11973
ags,46458157,21843,443,-3030,7215,18638,-12614
ags,46458167,22336,-88,-4661,7263,19516,-13150
ags,46458177,22751,1205,-5511,5349,20260,-13388
ags,46458187,23117,-254,-5843,3983,20669,-12797
ags,46458197,20451,-3750,-6385,6038,20797,-12004
ags,46458207,17185,-1465,-5394,9068,20943,-11004
ags,46458217,14587,3139,-5970,11666,20645,-9919
ags,46458227,11960,5981,-6639,12629,20065,-9004
ags,46458237,11198,7001,-6897,11830,18986,-8345
ags,46458247,10437,6464,-6707,10635,17645,-7541
ags,46458257,9133,5590,-6478,10300,15937,-6870
ags,46458267,9216,6962,-5740,11385,14370,-7047
ags,46458277,7863,9818,-1526,13928,13431,-7577
ags,46458287,2927,13739,-5159,16373,10968,-8845
ags,46458297,363,12602,-8646,16166,7370,-8602
ags,46458307,-101,10146,-8475,14385,3986,-8138
ags,46458317,476,6234,-6302,12885,1480,-6839
ags,46458327,749,2958,-4427,12818,-1105,-5187
ags,46458337,378,1596,-4280,13623,-4050,-3242
ags,46458347,-105,1210,-4549,14007,-7044,-1132
ags,46458357,-364,1693,-4251,13324,-10184,1166
ags,46458367,-135,1630,-4183,12446,-12897,3428
ags,46458377,427,1518,-3636,11910,-15464,5593
ags,46458387,1374,1552,-3079,11635,-17720,7556
ags,46458397,2448,1762,-3108,11538,-19794,9446
ags,46458407,3322,2123,-3118,11093,-21653,11215
ags,46458417,4055,2563,-3421,10452,-23361,12763
ags,46458427,4841,2733,-3699,9739,-24976,14227
ags,46458437,5637,2665,-3987,8873,-26355,15526
ags,46458447,6262,2860,-4222,7959,-27641,16648
ags,46458457,6926,3373,-4354,6623,-28836,17806
ags,46458467,7526,3832,-4300,4745,-29733,18788
ags,46458477,7912,4462,-3592,2148,-30574,19715
ags,46458487,8356,4857,-2762,-638,-31031,20580
ags,46458497,8649,5497,-1048,-3790,-31062,21141
ags,46458507,9055,6845,1153,-7699,-30672,21556
ags,46458517,9577,6269,3175,-11022,-29574,21489
ags,46458527,9680,6523,4913,-12705,-28117,20623
ags,46458537,10310,7860,5323,-12961,-26220,19934
ags,46458547,11784,8993,5475,-13815,-23726,19452
ags,46458557,12302,10038,5367,-15419,-20836,18434
ags,46458567,11594,10912,5440,-16992,-17952,17172
ags,46458577,10402,11752,6563,-18626,-15464,15135
ags,46458587,8332,32318,3194,-19010,-13794,8526
ags,46458597,14226,41088,2452,-21717,-11812,2135
ags,46458607,18044,38876,13697,-28516,-6348,-6162
ags,46458617,17932,-7300,24381,-31101,760,-7254
ags,46458627,17575,-9038,1505,-17772,2638,-12156
ags,46458637,23679,-27568,7867,2379,5541,-13345
ags,46458647,23786,-9853,7071,9062,8248,-15778
ags,46458657,28737,4062,4044,129,8504,-13528
ags,46458667,26442,-6767,-1067,2343,8657,-16077
ags,46458677,20529,5072,-5584,5270,8145,-17187
ags,46458687,17302,9486,-11448,-1851,6358,-17022
ags,46458697,13698,5541,-7815,-5632,4821,-16937
ags,46458707,8942,8095,-3318,-6772,3395,-16565
ags,46458717,5427,5990,969,-7425,2510,-16284
ags,46458727,2448,6078,1461,-6333,2260,-15791
ags,46458737,1154,7084,1539,-4638,2151,-15077
ags,46458747,1408,9247,319,-3699,2047,-14022
ags,46458757,3078,9735,-1175,-3400,2016,-12778
ags,46458767,4704,10019,-2967,-3376,1986,-11486
ags,46458777,7053,10053,-4539,-3705,1785,-10455
ags,46458787,8815,11044,-5184,-4772,1559,-9406
ags,46458797,9880,9897,-4354,-5156,1395,-8675
ags,46458807,9538,9906,-3880,-5321,1352,-7669
ags,46458817,8996,10478,-3470,-5492,1199,-6742
ags,46458827,8405,9950,-3016,-5900,1059,-5504
ags,46458837,8537,9809,-2977,-6473,809,-4589
ags,46458847,8259,9936,-2596,-6717,571,-3486
ags,46458857,8620,10019,-2659,-7236,370,-2199
ags,46458867,9338,8583,-3201,-7321,16,-1126
ags,46458877,9699,9081,-2884,-7150,-245,-48
ags,46458887,11091,9218,-2254,-7461,-720,1123
ags,46458897,12043,7387,-1873,-7608,-1294,2074
ags,46458907,12575,6669,-1165,-7187,-1745,2757
ags,46458917,13737,7016,578,-7254,-2178,3379
ags,46458927,14475,6464,1436,-7260,-2428,3684
ags,46458937,14118,5595,1427,-6297,-2050,3696
ags,46458947,14665,3695,588,-4071,-1361,3452
ags,46458957,15153,2328,769,-577,-196,2830
ags,46458967,15627,-508,-1448,3806,1413,2141
ags,46458977,16125,-2944,-3162,8794,3443,1416
ags,46458987,15280,-2490,-3919,13337,5205,-254
ags,46458997,13620,-200,-4739,16141,6462,-2809
ags,46459007,12063,204,-5613,16001,6693,-6242
ags,46459017,12199,-791,-5521,12885,6029,-9760
ags,46459027,13181,-2803,-5408,8367,4827,-12608
ags,46459037,14528,-2598,-4148,3830,3736,-15053
ags,46459047,16438,658,-1658,-1193,3236,-17571
ags,46459057,18361,5839,-1219,-8053,2102,-19931
ags,46459067,22170,11435,-5213,-14973,35,-22791
ags,46459077,25935,5102,-6082,-22059,-1147,-22053
ags,46459087,26037,819,-6907,-25431,-1934,-22784
ags,46459097,25910,-3735,-7918,-22748,-2672,-22492
ags,46459107,24719,-2798,-7186,-18577,-3769,-21784
ags,46459117,22678,-698,-6023,-16504,-5483,-20181
ags,46459127,22292,-1929,-5062,-16071,-6550,-17711
ags,46459137,19255,-1230,-4700,-14047,-7178,-14327
ags,46459147,15383,1679,-3543,-12955,-8452,-9522
ags,46459157,12731,2382,-1756,-13278,-9769,-4376
ags,46459167,10412,2270,-71,-13455,-10787,696
ags,46459177,9050,1552,1096,-13138,-11733,5910
ags,46459187,7575,92,2569,-12187,-12611,10861
ags,46459197,6999,102,3634,-10998,-13757,15580
ags,46459207,8410,-2602,3595,-7205,-14269,19946
ags,46459217,7297,14,4264,-3632,-14428,23684
ags,46459227,7204,-1216,4200,221,-14751,27294
ags,46459237,7976,-928,3936,4770,-14525,30294
ags,46459247,8498,121,2887,8166,-14123,33239
ags,46459257,8596,966,2218,9843,-13525,35898
ags,46459267,8015,2245,1153,10410,-13050,38276
ags,46459277,6643,5473,148,9361,-12842,40446
ags,46459287,4821,7714,109,5611,-12879,42782
ags,46459297,3928,8466,1207,904,-13105,43519
ags,46459307,4274,7885,2838,-1175,-12891,42800
ags,46459317,6330,11054,5479,44,-12269,40007
ags,46459327,7390,18427,7940,282,-11153,36763
ags,46459337,4904,24384,10763,-662,-9537,32672
ags,46459347,1384,31254,15831,3800,-8178,27489
ags,46459357,-3376,42631,19005,8709,-6281,21129
ags,46459367,-8811,54579,19752,7184,-2446,15483
ags,46459377,-13054,58896,17945,-919,1090,9294
ags,46459387,-24811,86977,3658,-3114,437,-5144
ags,46459397,5886,106967,22506,-9516,6126,-19723
ags,46459407,18122,87821,17799,-24595,11004,-30095
ags,46459417,8591,-77915,-3572,-28784,13254,-16937
ags,46459427,22771,-16245,-10218,5696,12577,-23047
ags,46459437,19245,44496,7862,16202,12236,-20187
ags,46459447,17702,4086,4679,-15449,9242,-16211
ags,46459457,26906,3793,11754,-2175,8998,-15181
ags,46459467,14758,8886,4727,-4669,9187,-13699
ags,46459477,15944,9486,4542,-1967,7516,-12236
ags,46459487,19606,13476,1715,-6034,6285,-9553
ags,46459497,21218,5658,124,-6498,5663,-7565
ags,46459507,24055,8007,-2469,-7284,5145,-5577
ags,46459517,28688,5712,-2532,-9687,4321,-3833
ags,46459527,31643,2870,-1531,-13882,4114,-1888
ags,46459537,34401,-4321,2154,-15376,4998,-992
ags,46459547,32922,-3501,6305,-14004,6931,-1571
ags,46459557,29045,1415,6344,-12242,9596,-2486
ags,46459567,26291,5385,2452,-10010,12145,-5108
ags,46459577,25793,4814,417,-8132,16266,-9638
ags,46459587,27097,5805,656,-8961,19742,-13821
ags,46459597,20456,16742,4327,-17321,23986,-21900
ags,46459607,35485,41737,6217,-14254,27809,-34297
ags,46459617,43957,16298,1310,-12028,34742,-37748
ags,46459627,34768,-10225,-4158,-9382,33919,-38797
ags,46459637,31301,-19072,-3079,-5303,34474,-40223
ags,46459647,33278,-13765,-2664,-4089,34370,-40388
ags,46459657,33591,-4497,-9202,-3778,33334,-39900
ags,46459667,37370,3354,-18836,-6022,30937,-39577
ags,46459677,42912,-1592,-20950,-10614,29523,-38778
ags,46459687,43474,-18164,-20281,-11620,28388,-36955
ags,46459697,44802,-27192,-21463,-10516,26535,-34382
ags,46459707,44860,-26660,-23929,-8736,23425,-31144
ags,46459717,46989,-23140,-27728,-7839,19913,-25894
ags,46459727,43664,-23838,-29817,-9004,16626,-18327
ags,46459737,40085,-26733,-29412,-13528,12468,-7687
ags,46459747,36911,-30835,-26541,-16748,8236,5952
ags,46459757,35358,-26382,-25667,-19339,4004,24062
ags,46459767,30114,-29971,-27107,-17437,279,43026
ags,46459777,28933,-26045,-29148,-9492,-3970,61306
ags,46459787,27424,-12187,-26912,-3126,-8922,81733
ags,46459797,26008,-1352,-25731,-4211,-15489,102434
ags,46459807,42355,-2744,-27020,-7705,-24361,120519
ags,46459817,63215,-3584,-30897,-9693,-34379,133398
ags,46459827,86521,-7148,-29271,-12047,-45513,141837
ags,46459837,125793,-1811,-26707,-6370,-58135,147818
ags,46459847,158317,84965,-60696,8806,-77970,138952
ags,46459857,159475,159936,42354,-90778,-75446,149355
ags,46459867,118005,43066,-66,-86986,-96934,86141
ags,46459877,126545,9716,-29456,5294,-81867,52757
ags,46459887,110007,6010,21031,60294,-81233,26745
ags,46459897,64250,-10976,22037,78172,-53245,36946
ags,46459907,63078,70917,-7444,67465,-35476,41489
ags,46459917,12214,126444,-7425,1507,-30726,30446
ags,46459927,24274,32196,4063,-32199,-24367,1580
ags,46459937,36027,30688,19767,-23687,-17940,-5303
ags,46459947,28005,32304,24654,-24821,-11690,-12809
ags,46459957,26335,3534,26563,-1437,-5080,-21925
ags,46459967,14914,-4009,24205,36123,-3355,-24638
ags,46459977,7204,2157,20934,56373,-1031,-21620
ags,46459987,-4802,10390,10016,69105,-99,-17358
ags,46459997,-12189,16669,-5159,67757,-2714,-11602
ags,46460007,-12487,24901,-2747,55184,-6428,-5662
ags,46460017,-8000,34628,-2640,34696,-10848,1129
ags,46460027,-5168,37924,-6292,8776,-15336,7068
ags,46460037,51,30478,-7601,-14382,-19525,9599
ags,46460047,6799,18266,-3880,-27309,-21537,8568
ags,46460057,10300,5761,324,-28687,-20842,6154
ags,46460067,11247,-2934,4161,-19016,-18092,2507
ags,46460077,11232,-3091,6993,-4827,-15848,-1595
ags,46460087,9743,1093,9698,5032,-13983,-5297
ags,46460097,7731,2289,9874,9672,-11812,-7931
ags,46460107,5837,-1020,7833,13507,-9483,-9949
ags,46460117,3708,-2241,5538,18830,-7537,-11797
ags,46460127,5827,-3281,3009,25020,-5848,-13230
ags,46460137,7951,-2778,-106,32507,-4635,-14345
ags,46460147,11491,634,-3646,37715,-4672,-14711
ags,46460157,13093,4623,-4686,36489,-4970,-14223
ags,46460167,13249,5746,-4651,30276,-5275,-13522
ags,46460177,14685,4648,-4481,23330,-5470,-12949
ags,46460187,14177,5048,-4437,17922,-5745,-12492
ags,46460197,15256,6127,-4100,12501,-6580,-12156
ags,46460207,16833,4423,-3191,8239,-6946,-11199
ags,46460217,18522,229,-1707,7617,-6391,-10675
ags,46460227,18903,858,-1922,9501,-5428,-10559
ags,46460237,17731,1649,-2606,11849,-3946,-10358
ags,46460247,17023,3026,-2762,14160,-3422,-11388
ags,46460257,13405,5795,-3538,14544,-3269,-12053
ags,46460267,42995,-32578,23477,5056,3242,-3730
ags,46460277,26945,-51299,3477,16465,480,-7010
ags,46460287,19807,5946,6422,21684,-2074,-12797
ags,46460297,19924,22270,5060,11074,-1013,-17553
ags,46460307,17351,-161,-2420,7404,-983,-15681
ags,46460317,13230,2006,-2684,7739,-93,-16126
ags,46460327,6521,8305,-8870,7532,212,-16912
ags,46460337,3947,15922,-20682,6123,-1720,-16833
ags,46460347,13767,25429,-21448,5483,-3781,-17961
ags,46460357,18581,18300,-1526,-8547,-964,-14656
ags,46460367,12453,7919,5309,-17169,437,-13193
ags,46460377,10578,-2642,2652,-13803,498,-11894
ags,46460387,8898,-5264,3243,-3406,-373,-10766
ags,46460397,12092,1430,4386,1721,-330,-10053
ags,46460407,8703,4477,3136,160,-800,-8309
ags,46460417,9480,5160,1817,-1528,-1105,-6803
ags,46460427,10158,5282,222,-3540,-1629,-5443
ags,46460437,9470,4608,202,-6955,-2080,-3919
ags,46460447,9416,-464,2765,-4858,-2525,-2894
ags,46460457,9631,-278,2032,-784,-2501,-2650
ags,46460467,9416,2309,-696,-455,-2544,-2315
ags,46460477,8835,3139,-1409,-2284,-2647,-1705
ags,46460487,8908,1410,-770,-3486,-2611,-1358
ags,46460497,9343,14,-1131,-2608,-2452,-1187
ags,46460507,10246,-771,-1385,-1455,-2190,-1211
ags,46460517,10427,-376,-1878,-595,-1806,-1260
ags,46460527,10520,385,-2400,-193,-1379,-1260
ags,46460537,10119,775,-2064,-303,-995,-1108
ags,46460547,9387,390,-1697,-120,-739,-1083
ags,46460557,9348,390,-1033,532,-513,-1089
ags,46460567,9597,658,-789,751,-294,-1120
ags,46460577,9611,1244,-774,513,-245,-1120
ags,46460587,9450,927,-789,-40,-226,-1150
ags,46460597,9191,1176,-691,-345,-275,-1083
ags,46460607,9802,1596,-364,-553,-269,-1004
ags,46460617,9963,1542,-633,-973,-257,-821
ags,46460627,10192,102,-1224,-1095,-135,-766
ags,46460637,10363,-112,-1678,-595,65,-803
ags,46460647,10539,649,-1668,-339,230,-827
ags,46460657,10280,707,-1219,-547,364,-742
ags,46460667,9816,1479,-1150,-839,523,-547
ags,46460677,9816,1230,-1741,-803,742,-278
ags,46460687,10285,1576,-1370,-1040,821,-78
ags,46460697,10500,1440,-1253,-1278,1010,215
ags,46460707,10168,873,-1419,-1345,1114,355
ags,46460717,10061,878,-1414,-1205,1273,501
ags,46460727,9812,1005,-1170,-1120,1358,605
ags,46460737,10095,985,-750,-1010,1462,800
ags,46460747,10061,590,-667,-723,1596,928
ags,46460757,9992,766,-564,-339,1663,1074
ags,46460767,9855,1171,-687,-114,1675,1276
ags,46460777,9729,1073,-647,-211,1687,1471
ags,46460787,9904,844,-359,-351,1699,1605
ags,46460797,9929,824,-281,-272,1657,1739
ags,46460807,9836,1010,-135,-272,1535,1879
ags,46460817,9660,883,61,-595,1468,1940
ags,46460827,9567,771,295,-919,1327,1989
ags,46460837,9343,536,153,-1211,1187,1946
ags,46460847,9367,419,373,-1571,1071,1861
ags,46460857,9499,365,412,-1754,1010,1806
ags,46460867,9187,146,563,-1882,992,1593
ags,46460877,9514,644,114,-1894,931,1678
ags,46460887,9641,600,295,-2217,876,1605
ags,46460897,9758,370,197,-2510,888,1489
ags,46460907,9792,-30,41,-2784,882,1324
ags,46460917,10021,-371,75,-2931,943,1135
ags,46460927,10764,-1103,41,-2961,962,904
ags,46460937,10661,-576,-965,-2931,974,611
ags,46460947,10188,-937,-1194,-2949,986,495
ags,46460957,10012,-669,-911,-2766,1041,446
ags,46460967,10529,233,-696,-2723,1199,337
ags,46460977,9577,639,-814,-2736,1376,428
ags,46460987,9748,312,-555,-2858,1614,452
ags,46460997,9816,-268,-355,-2455,1809,324
ags,46461007,9870,-410,-281,-1931,2029,184
ags,46461017,9938,-898,-359,-1583,2248,13
ags,46461027,10358,-1050,-447,-1181,2382,-90
ags,46461037,9978,-835,-540,-943,2437,-260
ags,46461047,10256,-35,-413,-784,2529,-352
ags,46461057,10168,502,-647,-784,2645,-473
ags,46461067,9738,316,-423,-967,2766,-522
ags,46461077,9924,24,17,-1290,2858,-571
ags,46461087,10144,-88,-18,-1205,3071,-711
ags,46461097,9709,-527,-350,-815,3205,-955
ags,46461107,8791,-830,-618,-510,3047,-1108
ags,46461117,9333,4,378,-809,2888,-1071
ags,46461127,9196,380,1329,-998,2913,-1071
ags,46461137,9016,282,2057,-1272,2858,-1059
ags,46461147,10021,-6,2149,-1443,2742,-1114
ags,46461157,10881,-405,1500,-1059,2614,-1333
ags,46461167,10725,-615,959,-876,2297,-1541
ags,46461177,10261,-708,920,-919,2102,-1809
ags,46461187,10100,-781,744,-815,2059,-2095
ags,46461197,9943,-1006,622,-803,1980,-2339
ags,46461207,10109,273,539,-290,2041,-2425
ags,46461217,9992,1068,451,-540,2016,-2394
ags,46461227,9987,971,539,-1156,1968,-2248
ags,46461237,9738,580,1173,-1388,1955,-2059
ags,46461247,9343,1195,1319,-1150,1913,-1852
ags,46461257,8278,1230,1378,-858,1827,-1608
ags,46461267,8576,1337,1983,-498,1858,-1425
ags,46461277,9338,722,2335,-205,1882,-1364
ags,46461287,9782,-376,1715,209,1815,-1370
ags,46461297,10427,92,1236,879,1614,-1431
ags,46461307,10363,507,1013,1044,1395,-1571
ags,46461317,10261,1029,1270,459,1242,-1577
ags,46461327,9724,937,1368,87,1077,-1510
ags,46461337,9602,985,1764,2,1010,-1266
ags,46461347,9274,1669,1905,330,895,-1022
ags,46461357,9196,1664,2267,440,779,-736
ags,46461367,9270,1357,2140,782,608,-528
ags,46461377,9572,1640,2267,794,340,-248
ags,46461387,9709,1723,2179,599,16,-29
ags,46461397,9216,1581,2218,184,-397,233
ags,46461407,9089,1747,2691,-248,-726,501
ags,46461417,9230,1698,2364,-321,-940,757
ags,46461427,9401,1357,2061,-284,-1080,1111
ags,46461437,9885,1386,1793,-254,-1165,1355
ags,46461447,9733,1298,1246,-126,-1226,1623
ags,46461457,9777,1171,1373,-193,-1251,1867
ags,46461467,9733,702,1003,87,-1214,1946
ags,46461477,9909,502,1042,190,-1178,1983
ags,46461487,10163,409,1042,196,-1153,1922
ags,46461497,10119,199,949,288,-1159,1837
ags,46461507,9826,-98,998,459,-1233,1739
ags,46461517,10041,58,1192,660,-1263,1611
ags,46461527,9924,102,1197,977,-1361,1471
ags,46461537,9743,248,1290,1245,-1415,1416
ags,46461547,9812,429,1422,1318,-1476,1324
ags,46461557,9904,399,1393,1434,-1537,1276
ags,46461567,9797,380,1120,1483,-1641,1257
ags,46461577,9826,214,1227,1416,-1745,1221
ags,46461587,10002,458,1349,1215,-1836,1166
ags,46461597,9821,395,1334,977,-1958,1093
ags,46461607,9724,277,1227,763,-2068,1068
ags,46461617,9709,72,1280,709,-2202,995
ags,46461627,9709,82,1066,751,-2330,867
ags,46461637,9792,33,1096,745,-2440,763
ags,46461647,9812,-45,939,757,-2525,654
ags,46461657,9646,-200,861,800,-2580,587
ags,46461667,9807,-93,676,812,-2592,428
ags,46461677,9860,-59,441,782,-2574,312
ags,46461687,9602,-127,324,806,-2537,196
ags,46461697,9851,48,246,861,-2464,123
ags,46461707,9846,67,95,891,-2397,50
ags,46461717,9611,-112,119,922,-2294,-23
ags,46461727,9992,82,46,1154,-2178,-114
ags,46461737,9978,253,-13,1343,-2068,-193
ags,46461747,9987,24,-159,1349,-1976,-254
ags,46461757,10070,67,-145,1440,-1848,-321
ags,46461767,9992,-20,-189,1605,-1726,-382
ags,46461777,9890,-55,-350,1776,-1623,-455
ags,46461787,9904,224,-398,1977,-1544,-480
ags,46461797,10012,658,-286,2056,-1458,-473
ags,46461807,9982,487,-355,2093,-1348,-412
ags,46461817,9650,116,-369,2202,-1233,-364
ags,46461827,9826,-59,-66,2440,-1147,-345
ags,46461837,9973,273,-115,2745,-1092,-400
ags,46461847,9836,502,51,2709,-1123,-352
ags,46461857,9768,639,114,2562,-1153,-266
ags,46461867,9851,663,261,2361,-1178,-187
ags,46461877,10046,707,178,2330,-1245,-126
ags,46461887,9714,356,153,2154,-1330,-48
ags,46461897,10051,556,285,2056,-1422,-42
ags,46461907,9860,468,168,1959,-1483,-17
ags,46461917,9665,253,217,1751,-1580,-29
ags,46461927,10041,746,227,1611,-1690,-11
ags,46461937,9924,898,222,1221,-1781,56
ags,46461947,9660,512,314,745,-1830,148
ags,46461957,9899,370,310,416,-1855,160
ags,46461967,9953,380,222,324,-1903,269
ags,46461977,9836,746,-223,623,-2031,306
ags,46461987,9919,512,-711,898,-2062,337
ags,46461997,10046,468,-745,763,-2025,398
ags,46462007,9899,224,-677,434,-1855,398
ags,46462017,9875,-249,-677,166,-1665,276
ags,46462027,10109,72,-843,32,-1409,129
ags,46462037,9899,-727,-1185,-236,-1251,-17
ags,46462047,10056,87,-1194,202,-1263,-126
ags,46462057,10266,1498,-882,337,-1165,-66
ags,46462067,9870,1274,-1111,-138,-1050,105
ags,46462077,10095,482,-1302,-187,-903,154
ags,46462087,10134,277,-1121,74,-733,99
ags,46462097,10173,443,-1116,14,-598,93
ags,46462107,9885,414,-1170,-321,-483,166
ags,46462117,9831,531,-1033,-486,-397,233
ags,46462127,10031,927,-804,-626,-263,337
ags,46462137,10129,424,-916,-693,-147,452
ags,46462147,10017,351,-1180,-571,-63,471
ags,46462157,9987,302,-1316,-406,41,495
ags,46462167,10017,551,-1150,-108,236,507
ags,46462177,9855,653,-1067,123,413,574
ags,46462187,10012,922,-1189,-89,523,556
ags,46462197,10212,160,-950,-656,632,599
ags,46462207,10139,-83,-1136,-784,760,428
ags,46462217,10129,-30,-1199,-876,834,343
ags,46462227,9924,-225,-1150,-1059,949,282
ags,46462237,9782,258,-1258,-986,1029,221
ags,46462247,9875,526,-999,-1047,1120,343
ags,46462257,9870,971,-794,-1108,1175,489
ags,46462267,10197,1112,-408,-1059,1419,507
ags,46462277,10236,399,-574,-1114,1486,672
ags,46462287,10383,702,-789,-1175,1498,648
ags,46462297,10793,927,-657,-1480,1620,599
ags,46462307,10676,751,-682,-2187,1748,465
ags,46462317,10622,370,-667,-2870,1901,166
ags,46462327,10314,-703,-789,-3382,2090,-260
ags,46462337,9626,-2446,-1102,-3156,2260,-669
ags,46462347,9929,-1406,-1399,-2272,2449,-1065
ags,46462357,10417,-185,-1473,-1754,2614,-1473
ags,46462367,10207,-400,-1556,-1705,2870,-1766
ags,46462377,10002,-727,-1434,-1236,3273,-1967
ags,46462387,10105,43,-887,-266,3724,-2376
ags,46462397,10593,854,-994,715,4004,-2437
ags,46462407,10559,307,-940,1721,4273,-2278
ags,46462417,9538,556,17,2782,4449,-1553
ags,46462427,8493,1293,441,3959,4553,-839
ags,46462437,7419,1513,642,4648,4273,-455
ags,46462457,9660,1640,2301,3172,3145,-5
ags,46462467,10710,805,3062,1849,2535,117
ags,46462477,10769,712,3463,922,2029,263
ags,46462487,10105,1469,3150,276,1510,623
ags,46462497,9465,1938,2447,-59,1071,977
ags,46462507,9255,1996,1456,-321,718,1318
