ags,46381948,9689,1762,-823,2,-8,-120
ags,46381958,9665,1908,-760,-71,-38,-126
ags,46381968,9714,1825,-794,-132,-32,-108
ags,46381978,9694,1713,-867,-144,-14,-90
ags,46381988,9816,1615,-921,-101,23,-72
ags,46381998,9841,1737,-853,-77,151,-102
ags,46382008,9777,1708,-814,-187,-165,-120
ags,46382018,9821,1649,-818,-169,-239,-96
ags,46382028,9875,1610,-818,-71,114,-114
ags,46382038,9665,1610,-955,-16,108,-144
ags,46382048,9763,1669,-814,20,-251,-156
ags,46382058,9919,1742,-838,80,-147,-150
ags,46382068,9904,1845,-755,26,169,-126
ags,46382078,9768,1864,-887,-83,23,-108
ags,46382088,9621,1918,-950,-187,-99,-102
ags,46382098,9587,1864,-814,-266,-63,-54
ags,46382108,9567,1679,-774,-236,-51,-66
ags,46382118,9548,1645,-755,-65,-63,-84
ags,46382128,9689,1723,-735,20,-63,-84
ags,46382138,9738,1610,-721,74,-69,-84
ags,46382148,9836,1776,-931,111,-81,-78
ags,46382158,9851,1913,-955,68,-99,-42
ags,46382168,9851,1693,-1082,38,-75,-23
ags,46382178,9792,1796,-838,-16,-75,-29
ags,46382188,9851,1767,-1028,-77,-57,-11
ags,46382198,9787,1708,-911,-108,-69,-48
ags,46382208,9694,1645,-828,-59,-45,-78
ags,46382218,9719,1703,-828,2,-32,-90
ags,46382228,9738,1747,-892,20,-26,-120
ags,46382238,9758,1845,-774,-10,-20,-132
ags,46382248,9768,1674,-794,-47,-2,-156
ags,46382258,9719,1732,-862,50,-32,-156
ags,46382268,9782,1816,-906,93,-20,-144
ags,46382278,9802,1840,-828,50,4,-132
ags,46382288,9724,1772,-892,8,-8,-114
ags,46382298,9777,1796,-828,20,-8,-102
ags,46382308,9841,1816,-848,50,-2,-108
ags,46382318,9748,1820,-892,14,-26,-90
ags,46382328,9704,1820,-862,-34,4,-66
ags,46382338,9753,1772,-950,14,-2,-96
ags,46382348,9743,1718,-789,2,-20,-78
ags,46382358,9743,1757,-857,-53,-26,-84
ags,46382368,9733,1674,-882,-65,-2,-90
ags,46382378,9743,1703,-774,-34,-8,-126
ags,46382388,9753,1635,-892,74,4,-144
ags,46382398,9758,1796,-950,141,29,-175
ags,46382408,9890,1742,-945,129,29,-199
ags,46382418,9870,1811,-1004,87,29,-205
ags,46382428,9816,1830,-838,-4,29,-193
ags,46382438,9694,1742,-906,-53,29,-193
ags,46382448,9807,1772,-921,8,59,-211
ags,46382458,9875,1703,-965,68,71,-211
ags,46382468,9787,1728,-1014,50,77,-272
ags,46382478,9758,1713,-745,50,77,-309
ags,46382488,9733,1708,-789,68,96,-345
ags,46382498,9719,1620,-838,184,96,-376
ags,46382508,9787,1776,-906,233,120,-431
ags,46382518,9875,1884,-799,178,114,-406
ags,46382528,9782,2040,-960,56,71,-394
ags,46382538,9772,1899,-1004,20,102,-345
ags,46382548,9626,1991,-936,-47,84,-321
ags,46382558,9694,2025,-882,-77,77,-291
ags,46382568,9626,1830,-857,-108,71,-284
ags,46382578,9646,1747,-623,-59,41,-321
ags,46382588,9694,1772,-481,99,59,-297
ags,46382598,9792,1830,-711,276,47,-327
ags,46382608,9812,1923,-833,318,16,-309
ags,46382618,9777,2060,-843,215,-26,-248
ags,46382628,9699,2084,-862,62,-26,-211
ags,46382638,9670,1977,-916,8,-57,-175
ags,46382648,9763,1986,-770,56,-45,-169
ags,46382658,9704,1894,-755,32,-63,-169
ags,46382668,9675,1879,-682,50,-63,-162
ags,46382678,9641,1840,-691,105,-45,-217
ags,46382688,9631,1796,-745,196,-69,-223
ags,46382698,9855,1947,-901,202,-57,-199
ags,46382708,9660,1972,-867,93,-81,-223
ags,46382718,9758,2089,-931,50,-75,-181
ags,46382728,9704,2011,-989,-40,-87,-162
ags,46382738,9709,1874,-984,-132,-45,-114
ags,46382748,9733,1923,-774,-120,-87,-120
ags,46382758,9807,1928,-784,-187,-69,-102
ags,46382768,9812,1732,-760,-175,-51,-54
ags,46382778,9841,1918,-814,-59,-69,-54
ags,46382788,9841,2118,-848,-89,-69,-54
ags,46382798,9787,2021,-960,-181,-93,-35
ags,46382808,9724,2055,-916,-297,-93,-5
ags,46382818,9602,1903,-838,-321,-129,-17
ags,46382828,9655,1918,-735,-254,-129,-66
ags,46382838,9650,1747,-789,-144,-99,-126
ags,46382848,9704,1864,-838,20,-51,-132
ags,46382858,9641,2167,-1014,-101,-20,-84
ags,46382868,9572,2104,-970,-230,-75,-5
ags,46382878,9680,2187,-809,-455,-69,87
ags,46382888,9738,2065,-794,-473,-63,141
ags,46382898,9758,1982,-682,-486,-75,160
ags,46382908,9758,1903,-608,-333,-75,123
ags,46382918,9831,1845,-853,-254,-99,123
ags,46382928,9826,1776,-1072,-230,-111,68
ags,46382938,9753,1923,-970,-181,-129,56
ags,46382948,9851,1991,-882,-211,-147,32
ags,46382958,9719,2016,-906,-351,-117,93
ags,46382968,9670,2011,-892,-425,-141,80
ags,46382978,9670,1864,-843,-376,-147,93
ags,46382988,9787,1962,-789,-309,-105,62
ags,46382998,9670,1991,-940,-339,-63,111
ags,46383008,9675,2099,-799,-388,-93,93
ags,46383018,9592,1903,-843,-376,-87,123
ags,46383028,9704,1977,-916,-303,-117,135
ags,46383038,9699,1903,-921,-260,-87,117
ags,46383048,9826,1884,-857,-223,-117,141
ags,46383058,9777,1977,-770,-230,-147,154
ags,46383068,9699,1962,-911,-321,-147,135
ags,46383078,9792,1859,-833,-339,-129,117
ags,46383088,9694,1928,-814,-303,-111,80
ags,46383098,9680,1747,-809,-254,-75,19
ags,46383108,9626,1649,-1004,-126,-45,-66
ags,46383118,9641,1850,-877,2,23,-66
ags,46383128,9641,1928,-926,-28,23,-96
ags,46383138,9733,1972,-848,-65,16,-96
ags,46383148,9777,1938,-853,-65,4,-84
ags,46383158,9855,1889,-706,-59,-14,-96
ags,46383168,9787,1991,-784,-59,-20,-72
ags,46383178,9694,1908,-716,-22,-38,-60
ags,46383188,9689,2011,-853,26,4,-42
ags,46383198,9636,1908,-926,50,4,-35
ags,46383208,9626,2006,-970,2,4,1
ags,46383218,9689,1982,-921,-16,-26,-17
ags,46383228,9694,1874,-848,-40,4,-11
ags,46383238,9885,1947,-823,-71,16,13
ags,46383248,9768,1825,-794,-95,23,26
ags,46383258,9758,1850,-774,-59,-2,26
ags,46383268,9768,1889,-809,-95,-8,32
ags,46383278,9743,1859,-867,-77,10,19
ags,46383288,9719,1894,-828,-53,4,26
ags,46383298,9704,1908,-921,-47,16,-23
ags,46383308,9616,1874,-945,-71,16,1
ags,46383318,9665,1913,-760,-108,41,-42
ags,46383328,9577,1874,-848,-16,41,-54
ags,46383338,9577,1942,-755,56,71,-35
ags,46383348,9616,1928,-887,62,84,-66
ags,46383358,9606,1923,-838,62,71,-78
ags,46383368,9606,1811,-814,80,77,-96
ags,46383378,9689,1830,-804,190,96,-132
ags,46383388,9777,1928,-794,270,114,-144
ags,46383398,9738,1982,-872,245,96,-132
ags,46383408,9709,1967,-867,202,108,-120
ags,46383418,9724,1923,-804,245,71,-114
ags,46383428,9606,1967,-701,330,90,-96
ags,46383438,9548,2016,-589,349,41,-60
ags,46383448,9685,1991,-623,416,23,-35
ags,46383458,9694,2069,-721,440,10,26
ags,46383468,9758,2118,-911,422,-26,117
ags,46383478,9763,2133,-950,300,-45,202
ags,46383488,9680,2148,-794,111,-81,282
ags,46383498,9714,1894,-711,135,-117,306
ags,46383508,9675,1825,-623,202,-111,330
ags,46383518,9616,1864,-579,306,-135,306
ags,46383528,9626,1908,-540,416,-147,355
ags,46383538,9606,1991,-643,422,-196,398
ags,46383548,9528,2040,-623,495,-190,416
ags,46383558,9523,2001,-623,520,-202,440
ags,46383568,9563,2011,-784,544,-263,477
ags,46383578,9450,2021,-682,526,-257,507
ags,46383588,9499,1938,-643,587,-257,526
ags,46383598,9582,1899,-735,666,-220,507
ags,46383608,9567,2001,-721,635,-178,556
ags,46383618,9577,1962,-735,593,-129,544
ags,46383628,9543,1718,-682,574,-51,519
ags,46383638,9714,1693,-701,611,29,410
ags,46383648,9733,1654,-804,599,108,306
ags,46383658,9724,1400,-1028,532,205,129
ags,46383668,9880,932,-1497,593,157,-211
ags,46383678,10139,1244,-1810,794,145,-400
ags,46383688,10349,1474,-1502,629,242,-394
ags,46383698,10358,1576,-1434,440,297,-455
ags,46383708,10349,1982,-1199,184,364,-467
ags,46383718,10017,1850,-1175,-77,407,-461
ags,46383728,9768,863,-1272,-71,407,-486
ags,46383738,9997,1054,-1097,690,443,-534
ags,46383748,9782,1855,-862,1251,541,-528
ags,46383758,9572,2084,-691,1160,565,-467
ags,46383768,9519,2221,-716,1020,559,-364
ags,46383778,9577,2231,-892,879,608,-242
ags,46383788,9631,1825,-1155,739,602,-223
ags,46383798,9855,1840,-1116,782,614,-138
ags,46383808,9978,2421,-882,690,687,-54
ags,46383818,9865,2416,-1048,398,693,87
ags,46383828,9797,2211,-1102,93,736,221
ags,46383838,9841,2045,-994,-10,809,318
ags,46383848,9973,1908,-1019,38,931,355
ags,46383858,9899,1957,-1141,-22,1053,379
ags,46383868,10026,2065,-1014,-321,1199,373
ags,46383878,10183,1781,-1697,-626,1346,337
ags,46383888,10017,1952,-1629,-1236,1608,269
ags,46383898,10153,1391,-1619,-1412,1901,129
ags,46383908,10280,1269,-1956,-1547,2273,-175
ags,46383918,10109,1054,-1951,-1839,2638,-473
ags,46383928,10378,541,-1878,-1577,3145,-943
ags,46383938,10314,605,-2083,-1303,3748,-1473
ags,46383948,10227,551,-2225,-1321,4346,-2041
ags,46383958,10432,404,-2303,-1309,4962,-2754
ags,46383968,10461,258,-2459,-1394,5718,-3480
ags,46383978,10832,136,-2698,-1601,6480,-4419
ags,46383988,10559,-127,-3055,-1955,7334,-5400
ags,46383998,10793,-2236,-3792,-2614,8242,-6675
ags,46384008,11159,-1543,-3572,-1169,9047,-7748
ags,46384018,11130,-991,-3914,-28,9907,-8845
ags,46384028,11804,-1274,-4603,959,10224,-9467
ags,46384038,12790,2338,-2918,1898,10748,-10016
ags,46384048,13684,2973,-2142,1391,11364,-10284
ags,46384058,15661,2245,-1834,1221,12047,-10589
ags,46384068,16628,1308,-1966,1800,12870,-10931
ags,46384078,18659,131,-1981,2763,14084,-11589
ags,46384088,19802,204,-2293,3489,15315,-12297
ags,46384098,20471,971,-3729,3507,16803,-12553
ags,46384108,20021,1166,-4173,3593,17840,-12449
ags,46384118,19509,-464,-5613,5843,18504,-12193
ags,46384128,17961,-1,-5423,9440,19352,-11778
ags,46384138,16057,2426,-5071,12361,19986,-11278
ags,46384148,14177,4086,-5560,14489,20016,-10723
ags,46384158,11745,6103,-5862,14898,19248,-10211
ags,46384168,10148,7660,-4495,14038,17980,-9388
ags,46384178,8298,7631,-4212,12757,16297,-9254
ags,46384188,8044,8632,-2498,12337,14852,-9766
ags,46384198,7839,9267,100,13580,14455,-10632
ags,46384208,3566,5805,-6023,17873,11895,-11156
ags,46384218,3684,4154,-9944,21245,8669,-10589
ags,46384228,3332,4462,-11131,21135,5041,-8973
ags,46384238,3234,4257,-9783,19233,1486,-7193
ags,46384248,3088,4525,-8704,17343,-1672,-5205
ags,46384258,1950,5170,-8416,15641,-4867,-2992
ags,46384268,925,5775,-8895,13684,-8361,-553
ags,46384278,754,6073,-8606,11495,-11702,1873
ags,46384288,1052,5937,-7381,9471,-14665,4202
ags,46384298,1770,5531,-5687,7635,-17159,6343
ags,46384308,2639,4467,-4607,6373,-19324,8379
ags,46384318,3459,3847,-4188,5818,-21415,10202
ags,46384328,4040,3207,-4183,5379,-23294,11788
ags,46384338,4646,2797,-3948,5184,-25001,13087
ags,46384348,5314,2553,-3924,5282,-26379,14123
ags,46384358,5881,2948,-3851,5190,-27544,15032
ags,46384368,6120,3515,-3826,4532,-28580,16038
ags,46384378,6330,3871,-3782,3379,-29458,16922
ags,46384388,6755,4516,-3436,1709,-30257,17684
ags,46384398,7233,5160,-2420,-894,-30769,18294
ags,46384408,7780,5907,-1458,-4162,-30995,18757
ags,46384418,8552,5868,17,-7973,-30781,18965
ags,46384428,9221,5619,1607,-11223,-30092,18489
ags,46384438,9914,5727,2555,-13169,-28915,17910
ags,46384448,10813,6064,3399,-14693,-27184,16928
ags,46384458,11179,6928,4386,-16400,-24964,15837
ags,46384468,11281,7587,5470,-18510,-22178,14550
ags,46384478,9411,6762,7354,-19730,-19458,12398
ags,46384488,7707,7118,9737,-18894,-16739,10208
ags,46384498,6696,14770,13609,-18034,-13684,7068
ags,46384508,2595,25429,1510,-15797,-13922,568
ags,46384518,11179,27074,14664,-21620,-8330,-3425
ags,46384528,18942,22436,33380,-30516,-38,-7547
ags,46384538,25690,-8745,12579,-23089,3913,-9162
ags,46384548,21901,-31377,12452,-1095,5614,-12339
ags,46384558,30783,-13701,17657,12196,11791,-15041
ags,46384568,35920,12480,-535,10056,10657,-15559
ags,46384578,25666,-2109,-11458,3178,9657,-17199
ags,46384588,20012,11054,-19944,367,6126,-16589
ags,46384598,17731,10058,-9910,-5900,4023,-15852
ags,46384608,15466,10780,-1941,-9937,3388,-15034
ags,46384618,11008,4550,2315,-8772,3736,-14742
ags,46384628,3469,7338,1598,-5473,4077,-14089
ags,46384638,-1823,10658,-110,-4138,4120,-12443
ags,46384648,-2775,11938,-2024,-4358,4053,-10272
ags,46384658,-1174,10307,-2728,-3778,3962,-8480
ags,46384668,2331,11073,-3426,-3297,3675,-6791
ags,46384678,6555,11918,-3138,-3669,3285,-5333
ags,46384688,10344,10204,-3177,-3571,3090,-4150
ags,46384698,11599,11537,-3499,-4425,2675,-3278
ags,46384708,12058,10653,-3709,-5516,2126,-2443
ags,46384718,12180,9140,-3777,-5809,1626,-1943
ags,46384728,11926,9833,-3738,-5906,1199,-1394
ags,46384738,11623,9164,-3602,-6589,846,-839
ags,46384748,11540,8256,-3895,-7266,443,-339
ags,46384758,11286,8066,-3641,-7894,-2,-23
ags,46384768,11179,6176,-3904,-8589,-422,160
ags,46384778,11096,5551,-3304,-8345,-794,111
ags,46384788,12102,5605,-2547,-8242,-1098,-23
ags,46384798,12307,5409,-2347,-8687,-1373,-248
ags,46384808,13015,4272,-2693,-8547,-1495,-754
ags,46384818,13459,4057,-2537,-7595,-1684,-1553
ags,46384828,13210,4462,-3885,-7351,-2172,-2833
ags,46384838,13747,3647,-4524,-8242,-2922,-4260
ags,46384848,13557,3007,-6258,-8845,-3672,-5852
ags,46384858,14841,2836,-7147,-9986,-4300,-7333
ags,46384868,15925,243,-7317,-10839,-4178,-9169
ags,46384878,16193,-1577,-7493,-10467,-3794,-11156
ags,46384888,18327,-3008,-7000,-10236,-3147,-12858
ags,46384898,20090,-4184,-6927,-10906,-1946,-14656
ags,46384908,21745,-4790,-5794,-10943,-1074,-16315
ags,46384918,23664,-2412,-4637,-10236,-330,-17937
ags,46384928,25720,-1860,-2840,-9297,382,-18888
ags,46384938,25065,3124,-5828,-6199,71,-20175
ags,46384948,26291,439,-6585,-4815,370,-18620
ags,46384958,24650,-693,-4930,-6193,547,-17236
ags,46384968,21760,-3213,-5179,-5156,480,-15059
ags,46384978,19045,-1089,-5242,-2169,-87,-11961
ags,46384988,16071,2314,-4495,-1589,-970,-7894
ags,46384998,13522,3461,-2830,-2784,-1976,-3327
ags,46385008,11335,3129,-833,-4534,-2958,1641
ags,46385018,11662,1317,695,-5339,-3562,6995
ags,46385028,10085,932,2535,-5717,-4001,12074
ags,46385038,9104,-893,3629,-4449,-4696,16916
ags,46385048,8986,-1714,4571,-1303,-5312,21379
ags,46385058,8698,-1509,5196,1861,-5824,25538
ags,46385068,8479,-1445,5191,4379,-6044,28855
ags,46385078,8054,-1548,4635,7349,-6239,32032
ags,46385088,7580,-561,3399,9745,-6452,34617
ags,46385098,6062,761,2408,10574,-7044,36666
ags,46385108,3234,2650,2315,10672,-8129,38093
ags,46385118,-159,7235,2115,9330,-9226,38635
ags,46385128,-2585,12426,2667,6867,-10641,38093
ags,46385138,-2902,19496,4757,4190,-12239,36166
ags,46385148,-4367,28651,6661,495,-11995,33074
ags,46385158,-8386,34999,11939,-3925,-9970,28446
ags,46385168,-15549,41850,17828,-5778,-8208,22440
ags,46385178,-22189,48402,20519,-5656,-7135,16452
ags,46385188,-24934,52758,21339,-5748,-3940,11349
ags,46385198,-30285,78866,24210,-9583,-379,1282
ags,46385208,-22,118583,17716,-11047,6413,-20973
ags,46385218,7424,34691,8077,-26589,7626,-22608
ags,46385228,75,-29809,-5745,-30132,9114,-23510
ags,46385238,19802,-20688,-18299,10251,4980,-10705
ags,46385248,18654,31171,-5999,3721,5529,-13108
ags,46385258,27458,16581,7794,-13955,2876,-8431
ags,46385268,25275,-1001,11529,-6736,4145,-7144
ags,46385278,20764,10536,8536,-3803,4437,-6772
ags,46385288,20905,12104,6417,-5522,2815,-5382
ags,46385298,22399,13090,1988,-9400,1455,-3162
ags,46385308,25969,9467,-1404,-12400,474,-1364
ags,46385318,30427,7699,-4022,-16589,-287,160
ags,46385328,34504,4560,-3631,-20821,-172,995
ags,46385338,33835,4931,-569,-24065,705,574
ags,46385348,31794,4501,5421,-25223,2992,-864
ags,46385358,26174,5644,9107,-22955,7712,-2510
ags,46385368,28205,10199,7540,-17071,14486,-7522
ags,46385378,29963,5736,-1932,-9839,20523,-13028
ags,46385388,28605,15253,-2308,-10919,23492,-18955
ags,46385398,23596,5873,-2772,-13730,26321,-25784
ags,46385408,36462,33085,-2064,-14992,29077,-35388
ags,46385418,43361,15473,3673,-17199,33535,-38211
ags,46385428,41105,-3872,-291,-15931,35291,-39065
ags,46385438,39523,-14551,-4500,-11047,37327,-39205
ags,46385448,37409,-18628,-9798,-4376,37474,-39284
ags,46385458,37653,-15547,-12669,1233,35742,-39272
ags,46385468,39699,-4892,-16033,1178,33273,-38925
ags,46385478,43757,-1611,-23182,-4778,30620,-36833
ags,46385488,47185,-5059,-26043,-11004,28193,-34894
ags,46385498,51394,-18628,-29168,-14339,26937,-30675
ags,46385508,50891,-29878,-28846,-14150,25431,-26278
ags,46385518,48796,-28725,-27029,-13400,22236,-19815
ags,46385528,45173,-23350,-27581,-16120,18474,-10778
ags,46385538,40993,-23765,-27864,-19089,14285,495
ags,46385548,36843,-23989,-27288,-19144,9596,15227
ags,46385558,34650,-26411,-29730,-16010,4974,32830
ags,46385568,28498,-19800,-31741,-9992,-544,51233
ags,46385578,26911,-7544,-30950,-7772,-6422,71483
ags,46385588,19855,2929,-30716,-8906,-13647,92202
ags,46385598,32077,1952,-30682,-10467,-22915,111349
ags,46385608,54377,1410,-34002,-9077,-32983,126019
ags,46385618,79333,4276,-34495,-10492,-44257,136404
ags,46385628,109523,9726,-35853,-12150,-56574,143129
ags,46385638,134245,-4341,-29456,-10040,-70001,139910
ags,46385648,159475,66215,-52059,9965,-89037,133221
ags,46385658,159475,159936,161139,-48504,-70562,117800
ags,46385668,155627,88388,-17654,-133169,-108007,78940
ags,46385678,112824,-151597,-72107,-40132,-83324,48757
ags,46385688,103293,-81538,-16854,119330,-72361,34672
ags,46385698,131687,42572,-48426,143257,-45629,48532
ags,46385708,52370,146000,-35159,92391,-34312,42123
ags,46385718,20339,123305,-6106,-9955,-33489,30093
ags,46385728,32038,16606,-8294,-41833,-31184,9355
ags,46385738,37150,20541,-262,-19803,-27422,-254
ags,46385748,23645,27870,15157,-7577,-21800,-6772
ags,46385758,25832,15941,24019,8739,-12708,-13516
ags,46385768,18942,24106,27877,25666,-8281,-19230
ags,46385778,15061,27865,30914,34971,-4970,-19339
ags,46385788,6794,22719,27110,36916,-2098,-17919
ags,46385798,-3811,20580,15504,39422,-2233,-15967
ags,46385808,-12404,22265,6524,40239,-4934,-11864
ags,46385818,-16125,28627,1622,36904,-9306,-6839
ags,46385828,-10891,35873,-66,24276,-13806,-2266
ags,46385838,-4636,34823,-911,5611,-16903,172
ags,46385848,1047,25644,715,-8284,-17928,184
ags,46385858,5290,15858,2594,-11656,-17922,-1358
ags,46385868,7409,8915,6202,-7193,-16940,-3644
ags,46385878,8054,7538,9557,-236,-15135,-6473
ags,46385888,8024,7836,11119,5818,-12818,-8839
ags,46385898,7561,8471,10748,9739,-10544,-11150
ags,46385908,6677,7470,9381,11922,-9226,-13108
ags,46385918,6223,5204,7525,14026,-8275,-14583
ags,46385928,6013,3080,5870,16788,-7470,-15717
ags,46385938,5754,1117,4625,19788,-6714,-16687
ags,46385948,6491,487,2711,22532,-6287,-17120
ags,46385958,9768,522,397,24459,-5867,-16736
ags,46385968,14772,-498,-1585,25830,-5397,-16053
ags,46385978,17019,341,-2654,26861,-4787,-16120
ags,46385988,17819,2797,-3069,26154,-4696,-16961
ags,46385998,18122,4657,-2996,23215,-4867,-17102
ags,46386008,18449,3612,-2147,19257,-5086,-16888
ags,46386018,17614,3515,-1585,15916,-5196,-16595
ags,46386028,18239,4633,-1097,14105,-4879,-16181
ags,46386038,17912,4208,-374,12824,-4848,-16156
ags,46386048,73518,-98784,31256,-1449,5773,7184
ags,46386058,62590,-103408,6866,11648,181,2513
ags,46386068,27351,19809,7389,38763,-7495,-14827
ags,46386078,8293,49081,1412,6367,-3909,-11504
ags,46386088,2072,26405,666,-8193,-1007,-10138
ags,46386098,38474,7323,-12093,3422,-7111,-16156
ags,46386108,23830,11122,5240,-8059,3199,-12388
ags,46386118,-5856,-10474,-4295,-11120,-3848,-14486
ags,46386128,7805,-1020,749,-6730,1004,-12095
ags,46386138,11413,13886,-8455,-6876,291,-10687
ags,46386148,14587,20082,-3997,-13632,-897,-7797
ags,46386158,14826,6322,3038,-9364,-1489,-8181
ags,46386168,17077,2577,-2156,1111,-1092,-11034
ags,46386178,7336,551,-3343,812,-818,-10138
ags,46386188,6330,-2954,617,1160,-867,-8205
ags,46386198,6193,2338,642,2080,-562,-6778
ags,46386208,9191,7968,-2220,14,-879,-5284
ags,46386218,11320,6513,-3504,-1833,-1355,-5376
ags,46386228,9943,2338,-2039,-1467,-1574,-5102
ags,46386238,10041,-156,178,483,-1519,-4723
ags,46386248,10856,1132,876,2294,-1208,-4211
ags,46386258,10520,1977,-203,1641,-1105,-3669
ags,46386268,9943,1801,-408,550,-1153,-3077
ags,46386278,10275,1488,56,635,-958,-2534
ags,46386288,9694,-259,-647,1562,-830,-2108
ags,46386298,9572,-317,-1951,2837,-605,-1833
ags,46386308,9782,1020,-1688,3160,-653,-1504
ags,46386318,10397,907,-999,2446,-623,-1199
ags,46386328,10070,365,-701,2215,-763,-839
ags,46386338,9704,1098,-359,2404,-848,-522
ags,46386348,9426,1186,163,2166,-1019,-138
ags,46386358,9362,185,353,2044,-1037,44
ags,46386368,9943,-283,-232,2489,-1074,50
ags,46386378,10105,976,-325,2306,-1251,178
ags,46386388,9938,971,-291,1337,-1409,422
ags,46386398,10046,595,-594,837,-1531,635
ags,46386408,9787,497,-975,763,-1696,837
ags,46386418,9885,390,-1038,806,-1781,1026
ags,46386428,9709,321,-926,812,-1842,1233
ags,46386438,9265,697,-564,666,-1983,1446
ags,46386448,8957,941,-525,513,-2129,1696
ags,46386458,9055,1298,-335,123,-2336,1946
ags,46386468,9401,605,-242,-205,-2495,2050
ags,46386478,9226,346,17,-297,-2714,2044
ags,46386488,9221,590,7,-632,-2885,2056
ags,46386498,9284,878,-398,-973,-3025,2080
ags,46386508,9421,790,-843,-876,-3080,2044
ags,46386518,9655,43,-1316,-1016,-3135,1916
ags,46386528,10451,-669,-2112,-943,-3062,1782
ags,46386538,10988,-1660,-2811,-1059,-2958,1611
ags,46386548,10939,-2139,-2723,-1181,-2641,1373
ags,46386558,10197,-2446,-2889,-736,-2135,1093
ags,46386568,10280,-2080,-3001,-77,-1751,721
ags,46386578,10148,-1392,-3289,391,-1458,446
ags,46386588,9480,-1435,-3450,507,-1202,251
ags,46386598,9538,-1221,-3235,593,-934,56
ags,46386608,10095,-845,-2386,568,-659,-138
ags,46386618,10334,-762,-1673,629,-355,-400
ags,46386628,10271,-1020,-1814,837,-214,-522
ags,46386638,10134,-815,-1834,1074,-208,-602
ags,46386648,10090,-469,-1663,1202,-147,-833
ags,46386658,9997,-674,-1932,1166,-135,-937
ags,46386668,9938,-537,-2230,995,-135,-1016
ags,46386678,10070,-600,-2264,599,77,-1095
ags,46386688,9729,-557,-2635,99,254,-1175
ags,46386698,9714,-615,-2464,-540,175,-1223
ags,46386708,9724,-1079,-2371,-772,248,-1352
ags,46386718,9763,-1152,-2044,-412,303,-1400
ags,46386728,9689,-781,-2093,123,340,-1400
ags,46386738,9685,-386,-1941,526,303,-1327
ags,46386748,9812,146,-1814,654,266,-1205
ags,46386758,9846,307,-1614,544,242,-1034
ags,46386768,10129,512,-1570,172,260,-967
ags,46386778,10041,380,-1941,-65,370,-845
ags,46386788,10056,-244,-1829,-717,321,-937
ags,46386798,9743,-464,-1517,-882,285,-955
ags,46386808,9265,-50,-1360,-754,187,-888
ags,46386818,9636,526,-1258,-809,-2,-766
ags,46386828,9953,507,-1316,-803,-93,-583
ags,46386838,10002,180,-1248,-790,-153,-437
ags,46386848,9987,97,-1121,-876,-233,-333
ags,46386858,10012,-137,-1243,-797,-287,-297
ags,46386868,9841,-40,-1751,-626,-233,-266
ags,46386878,9743,-25,-1746,-992,-415,-291
ags,46386888,9621,-283,-1639,-1650,-586,-412
ags,46386898,10031,-581,-1590,-1540,-574,-510
ags,46386908,8630,370,-2156,-906,-629,-626
ags,46386918,10822,-644,-1014,-858,-525,-553
ags,46386928,9480,-11,-2371,-516,-470,-760
ags,46386938,10354,170,-2313,-736,-391,-809
ags,46386948,9445,87,-2474,-492,-318,-797
ags,46386958,9177,810,-2024,-528,-263,-803
ags,46386968,10148,-142,-1478,-571,-245,-717
ags,46386978,10178,-215,-1497,-437,-275,-833
ags,46386988,10285,-644,-1688,-339,-269,-955
ags,46386998,9646,-185,-1624,87,-287,-980
ags,46387008,10368,-45,-1854,330,-220,-980
ags,46387018,9548,448,-1883,154,-190,-912
ags,46387028,9914,649,-2103,-89,-196,-906
ags,46387038,9543,150,-1981,-162,-75,-815
ags,46387048,10026,141,-2117,-77,-105,-876
ags,46387058,9978,121,-2249,-16,-75,-894
ags,46387068,9538,634,-1990,-34,-99,-870
ags,46387078,9621,580,-1795,-144,-123,-791
ags,46387088,9514,141,-1678,-83,-51,-730
ags,46387098,9680,-806,-1634,111,-38,-864
ags,46387108,8942,-2197,-1434,898,-2,-864
ags,46387118,9382,-1470,-916,2727,-141,-845
ags,46387128,10344,1669,-735,4306,-336,-498
ags,46387138,9655,2782,-794,4312,-434,202
ags,46387148,9284,2924,-1605,4709,-659,1135
ags,46387158,9616,2939,-1639,5209,-696,1861
ags,46387168,9851,2148,-1922,4763,-879,2678
ags,46387178,10832,2636,-1766,3855,-909,3477
ags,46387188,10349,2982,-1346,3398,-763,4038
ags,46387198,9880,2455,-1146,2532,-787,4501
ags,46387208,10285,707,-1531,1763,-818,4843
ags,46387218,10456,-1357,-1722,1782,-879,4946
ags,46387228,9753,-2944,-1785,2727,-855,4696
ags,46387238,8669,-3852,-1981,3940,-958,4263
ags,46387248,8596,-3730,-2073,4599,-1031,3526
ags,46387258,9807,-3472,-1937,4312,-922,2562
ags,46387268,10310,-3667,-2747,3776,-836,1605
ags,46387278,10510,-3403,-3338,3800,-586,587
ags,46387288,11223,-498,-4119,3202,-263,-303
ags,46387298,10388,399,-4886,1129,303,-1010
ags,46387308,10490,-1089,-5003,-455,858,-1797
ags,46387318,9914,-1255,-4388,-1711,1449,-2352
ags,46387328,9392,-332,-3660,-1967,1864,-2644
ags,46387338,9284,-63,-2845,-1614,2029,-2662
ags,46387348,10275,732,-1229,-1626,1962,-2516
ags,46387358,10075,1176,-281,-2059,1809,-2321
ags,46387368,9177,-1484,-384,-1943,1657,-2144
ags,46387378,8850,-762,-198,-1187,1169,-1888
ags,46387388,10241,1337,-638,-1595,943,-1650
ags,46387398,10056,-190,-2034,-1260,907,-1223
ags,46387408,9099,116,-2762,-315,937,-754
ags,46387418,10056,2050,-2439,-242,1230,-376
ags,46387428,10090,248,-2142,-406,1492,-23
ags,46387438,9572,-1797,-1956,818,1608,160
ags,46387448,10036,-488,-1575,2434,1590,337
ags,46387458,10139,395,-1375,3032,1614,556
ags,46387468,9621,-122,-1644,2635,1632,794
ags,46387478,9636,-552,-1668,2593,1693,922
ags,46387488,9865,-171,-1736,3007,1766,1044
ags,46387498,10046,370,-1766,2233,1834,1227
ags,46387508,10158,233,-2190,1721,2023,1434
ags,46387518,9733,805,-2674,1910,2260,1556
ags,46387528,9709,1899,-5071,2178,2303,1983
ags,46387538,13630,712,-1365,477,2693,2404
ags,46387548,7556,1347,-716,2818,3053,2922
ags,46387558,7116,1630,-1106,3794,2888,3684
ags,46387568,10163,331,2257,1355,2029,3800
ags,46387578,10646,-1186,3023,-1181,1193,3843
ags,46387588,10407,-312,2359,-2254,291,3727
ags,46387598,11262,1493,-564,-3595,-269,4056
ags,46387608,8913,1308,-3011,-3980,-330,4489
ags,46387618,9753,-347,-2112,-5571,-184,4708
ags,46387628,9167,-1562,-2230,-5028,16,4776
ags,46387638,9113,-1562,-2200,-3138,120,4739
ags,46387648,10231,-2309,-779,-821,279,4519
ags,46387658,9577,-1963,65,1038,248,4001
ags,46387668,10085,-1694,-184,770,29,3660
ags,46387678,10363,-1655,-198,-955,-159,3245
ags,46387688,10124,-1982,-1180,-2333,-129,2861
ags,46387698,10144,-1811,-1785,-3053,-26,2532
ags,46387708,10241,-1475,-2469,-3089,193,2239
ags,46387718,10183,-1597,-2664,-2699,590,1891
ags,46387728,9719,-3003,-2708,-1626,1059,1574
ags,46387738,9509,-4082,-2479,-53,1492,1215
ags,46387748,9665,-3848,-2571,1452,1663,837
ags,46387758,9436,-4326,-1419,2611,1870,501
ags,46387768,8718,-3574,-784,3434,1913,495
ags,46387778,8356,-2817,393,3026,1754,519
ags,46387788,8918,-2090,1534,1562,1510,806
ags,46387798,9191,-3003,1378,1050,1388,1202
ags,46387808,8684,-2964,427,1733,1138,1452
ags,46387818,8855,-2212,-496,1654,974,1837
ags,46387828,8786,-3184,-1893,1788,1242,2007
ags,46387838,9548,-3398,-3221,2489,1632,1550
ags,46387848,10935,-3716,-3831,3257,2138,708
ags,46387858,10666,-4429,-3567,4263,2645,-114
ags,46387868,11032,-2983,-2210,4959,3059,-1034
ags,46387878,11213,-713,-960,4294,3303,-1736
ags,46387888,11052,-918,-1390,3221,3474,-2266
ags,46387898,10578,-2661,-1741,2830,3504,-2772
ags,46387908,9143,-2046,-1482,2867,3474,-2986
ags,46387918,9099,175,-1048,2526,3498,-2900
ags,46387928,9445,1381,-691,1306,3309,-2742
ags,46387938,10105,580,446,-583,2968,-2492
ags,46387948,10490,-303,1505,-1925,2608,-2419
ags,46387958,10212,-1074,1388,-2339,2279,-2412
ags,46387968,9245,-3130,803,-1833,1986,-2449
ags,46387978,9431,-1518,769,-973,1590,-2577
ags,46387988,9924,800,1280,-2290,1340,-2638
ags,46387998,10163,-483,1081,-4480,1248,-2571
ags,46388008,10031,-1221,715,-6516,1016,-2931
ags,46388018,10559,-1333,573,-7669,1053,-3211
ags,46388028,11838,-1348,-740,-8193,1541,-3333
ags,46388038,10642,-2905,-3123,-7266,1614,-3730
ags,46388048,9240,-2842,-2879,-5047,1949,-3388
ags,46388058,9099,165,-2005,-2748,2285,-2967
ags,46388068,8664,1659,-1097,-1199,2736,-2211
ags,46388078,8972,575,-164,-181,3205,-1492
ags,46388088,10378,-1416,573,1617,3858,-730
ags,46388098,9792,-1431,36,4678,4303,-217
ags,46388108,8640,-142,-110,6580,4126,56
ags,46388118,9040,1215,1412,5550,3553,269
ags,46388128,10505,619,3150,2885,3059,501
ags,46388138,10715,-1362,3644,1209,2730,648
ags,46388148,9665,-2519,2745,1660,2352,635
ags,46388158,8942,-1714,1895,2916,1827,605
ags,46388168,9221,-420,1871,3367,1248,702
ags,46388178,9411,-122,1803,3105,797,910
ags,46388188,9445,-171,1944,2702,449,1074
ags,46388198,9465,321,2018,1928,-8,1233
ags,46388208,9187,849,1895,605,-531,1428
ags,46388218,9025,1020,2013,-1101,-976,1666
ags,46388228,9206,575,2003,-2797,-1306,1934
ags,46388238,9372,-742,1881,-3931,-1403,1965
ags,46388248,9763,-2632,1427,-3510,-1300,1696
ags,46388258,10051,-3281,383,-1772,-1306,1507
ags,46388268,10070,-2446,-301,-412,-1440,1263
ags,46388278,10124,-1460,-355,32,-1574,1062
ags,46388288,10051,-786,12,-358,-1708,904
ags,46388298,10041,-801,319,-1181,-1720,776
ags,46388308,9938,-1318,627,-1980,-1611,623
ags,46388318,9860,-1772,510,-2419,-1476,519
ags,46388328,9821,-1450,422,-2620,-1355,391
ags,46388338,9948,-1211,109,-2821,-1135,306
ags,46388348,9978,-1362,-174,-2803,-922,135
ags,46388358,9733,-1709,-418,-2620,-733,74
ags,46388368,9533,-1860,-623,-2370,-592,-42
ags,46388378,9528,-2012,-916,-2016,-525,-230
ags,46388388,9821,-1953,-809,-1638,-464,-473
ags,46388398,9528,-1728,-438,-1620,-464,-608
ags,46388408,9533,-1206,236,-1888,-379,-644
ags,46388418,9636,-1040,622,-2071,-336,-705
ags,46388428,9538,-1367,1091,-2290,-312,-687
ags,46388438,9733,-1621,1140,-2425,-269,-565
ags,46388448,9968,-1977,1101,-2242,-330,-571
ags,46388458,9919,-2021,690,-1577,-476,-541
ags,46388468,9480,-1440,808,-1053,-678,-419
ags,46388478,9265,-1865,690,-339,-733,-309
ags,46388488,10334,-1059,202,922,-867,-138
ags,46388498,10671,87,46,1483,-964,38
ags,46388508,10056,-464,-213,1538,-989,404
ags,46388518,9919,-298,-433,1666,-861,776
ags,46388528,10319,-181,-369,1684,-537,1154
ags,46388538,10212,-410,-843,2202,-245,1556
ags,46388548,9851,-410,-1063,2824,-69,1977
ags,46388558,9602,-801,-530,3501,279,2361
ags,46388568,9914,-1152,-623,4568,565,2690
ags,46388578,10217,-649,-789,6123,925,2995
ags,46388588,9914,-600,-774,7599,1273,3160
ags,46388598,10422,653,-691,7995,1376,3544
ags,46388608,10476,805,-145,6983,1614,4044
ags,46388618,10285,-317,-442,6056,1797,4312
ags,46388628,9958,-298,-789,5794,2077,4495
ags,46388638,9777,-288,-1375,6080,2297,4446
ags,46388648,10554,-532,-1136,6062,2401,4318
ags,46388658,10632,-771,-901,5733,2596,4166
ags,46388668,11174,-1172,-989,5977,2779,3800
ags,46388678,11589,-2056,-945,6830,3151,3440
ags,46388688,10944,-1982,-1292,7940,3315,2812
ags,46388698,11403,-976,-853,8330,3395,2154
ags,46388708,11271,-810,275,7172,3455,1769
ags,46388718,10471,-1689,95,5946,3553,1623
ags,46388728,10412,-2153,-799,5861,3632,1373
ags,46388738,11794,-2978,-2000,7105,3907,1026
ags,46388748,12707,-3638,-2991,8940,4132,458
ags,46388758,12307,-3481,-3470,10568,4370,-266
ags,46388768,12199,-3594,-2308,10885,4998,-955
ags,46388778,12375,-4707,-2723,11556,6285,-1242
ags,46388788,12165,-5581,-4012,12794,7321,-1553
ags,46388798,12365,-4941,-5745,14952,7754,-2528
ags,46388808,12565,-2812,-5809,16330,7224,-4004
ags,46388818,12316,-2808,-4007,16574,6504,-5431
ags,46388828,12399,-5566,-3094,18910,6212,-6784
ags,46388838,12834,-6050,-2469,24178,6431,-8382
ags,46388848,13962,1371,-4749,30891,6565,-11736
ags,46388858,14494,1835,-4637,33739,7309,-12845
